Frame,ObjectName,Position,RotationEuler,RotationQuat,RendererCenter,RendererSize,ColliderCenter,ColliderSize
1,DummyGameObject,"[0.000,0.000,0.000]","[0.000,0.000,0.000]","[0.000,0.000,0.000,1.000]",[],[],[],[]
1,IPA_PluginManager,"[0.000,0.000,0.000]","[0.000,0.000,0.000]","[0.000,0.000,0.000,1.000]",[],[],[],[]
2,AnalyticsContainer,"[0.000,0.000,0.000]","[0.000,0.000,0.000]","[0.000,0.000,0.000,1.000]",[],[],[],[]
2,DummyGameObject,"[0.000,0.000,0.000]","[0.000,0.000,0.000]","[0.000,0.000,0.000,1.000]",[],[],[],[]
2,IPA_PluginManager,"[0.000,0.000,0.000]","[0.000,0.000,0.000]","[0.000,0.000,0.000,1.000]",[],[],[],[]
3,AnalyticsContainer,"[0.000,0.000,0.000]","[0.000,0.000,0.000]","[0.000,0.000,0.000,1.000]",[],[],[],[]
3,DummyGameObject,"[0.000,0.000,0.000]","[0.000,0.000,0.000]","[0.000,0.000,0.000,1.000]",[],[],[],[]
3,IPA_PluginManager,"[0.000,0.000,0.000]","[0.000,0.000,0.000]","[0.000,0.000,0.000,1.000]",[],[],[],[]
4,AnalyticsContainer,"[0.000,0.000,0.000]","[0.000,0.000,0.000]","[0.000,0.000,0.000,1.000]",[],[],[],[]
4,DummyGameObject,"[0.000,0.000,0.000]","[0.000,0.000,0.000]","[0.000,0.000,0.000,1.000]",[],[],[],[]
4,IPA_PluginManager,"[0.000,0.000,0.000]","[0.000,0.000,0.000]","[0.000,0.000,0.000,1.000]",[],[],[],[]
5,AnalyticsContainer,"[0.000,0.000,0.000]","[0.000,0.000,0.000]","[0.000,0.000,0.000,1.000]",[],[],[],[]
5,DummyGameObject,"[0.000,0.000,0.000]","[0.000,0.000,0.000]","[0.000,0.000,0.000,1.000]",[],[],[],[]
5,IPA_PluginManager,"[0.000,0.000,0.000]","[0.000,0.000,0.000]","[0.000,0.000,0.000,1.000]",[],[],[],[]
6,AnalyticsContainer,"[0.000,0.000,0.000]","[0.000,0.000,0.000]","[0.000,0.000,0.000,1.000]",[],[],[],[]
6,DummyGameObject,"[0.000,0.000,0.000]","[0.000,0.000,0.000]","[0.000,0.000,0.000,1.000]",[],[],[],[]
6,IPA_PluginManager,"[0.000,0.000,0.000]","[0.000,0.000,0.000]","[0.000,0.000,0.000,1.000]",[],[],[],[]
7,AnalyticsContainer,"[0.000,0.000,0.000]","[0.000,0.000,0.000]","[0.000,0.000,0.000,1.000]",[],[],[],[]
7,DummyGameObject,"[0.000,0.000,0.000]","[0.000,0.000,0.000]","[0.000,0.000,0.000,1.000]",[],[],[],[]
7,IPA_PluginManager,"[0.000,0.000,0.000]","[0.000,0.000,0.000]","[0.000,0.000,0.000,1.000]",[],[],[],[]
8,AnalyticsContainer,"[0.000,0.000,0.000]","[0.000,0.000,0.000]","[0.000,0.000,0.000,1.000]",[],[],[],[]
8,DummyGameObject,"[0.000,0.000,0.000]","[0.000,0.000,0.000]","[0.000,0.000,0.000,1.000]",[],[],[],[]
8,IPA_PluginManager,"[0.000,0.000,0.000]","[0.000,0.000,0.000]","[0.000,0.000,0.000,1.000]",[],[],[],[]
9,AnalyticsContainer,"[0.000,0.000,0.000]","[0.000,0.000,0.000]","[0.000,0.000,0.000,1.000]",[],[],[],[]
9,DummyGameObject,"[0.000,0.000,0.000]","[0.000,0.000,0.000]","[0.000,0.000,0.000,1.000]",[],[],[],[]
9,IPA_PluginManager,"[0.000,0.000,0.000]","[0.000,0.000,0.000]","[0.000,0.000,0.000,1.000]",[],[],[],[]
10,AnalyticsContainer,"[0.000,0.000,0.000]","[0.000,0.000,0.000]","[0.000,0.000,0.000,1.000]",[],[],[],[]
10,DummyGameObject,"[0.000,0.000,0.000]","[0.000,0.000,0.000]","[0.000,0.000,0.000,1.000]",[],[],[],[]
10,IPA_PluginManager,"[0.000,0.000,0.000]","[0.000,0.000,0.000]","[0.000,0.000,0.000,1.000]",[],[],[],[]
11,AnalyticsContainer,"[0.000,0.000,0.000]","[0.000,0.000,0.000]","[0.000,0.000,0.000,1.000]",[],[],[],[]
11,DummyGameObject,"[0.000,0.000,0.000]","[0.000,0.000,0.000]","[0.000,0.000,0.000,1.000]",[],[],[],[]
11,IPA_PluginManager,"[0.000,0.000,0.000]","[0.000,0.000,0.000]","[0.000,0.000,0.000,1.000]",[],[],[],[]
12,AnalyticsContainer,"[0.000,0.000,0.000]","[0.000,0.000,0.000]","[0.000,0.000,0.000,1.000]",[],[],[],[]
12,DummyGameObject,"[0.000,0.000,0.000]","[0.000,0.000,0.000]","[0.000,0.000,0.000,1.000]",[],[],[],[]
12,IPA_PluginManager,"[0.000,0.000,0.000]","[0.000,0.000,0.000]","[0.000,0.000,0.000,1.000]",[],[],[],[]
13,AnalyticsContainer,"[0.000,0.000,0.000]","[0.000,0.000,0.000]","[0.000,0.000,0.000,1.000]",[],[],[],[]
13,DummyGameObject,"[0.000,0.000,0.000]","[0.000,0.000,0.000]","[0.000,0.000,0.000,1.000]",[],[],[],[]
13,IPA_PluginManager,"[0.000,0.000,0.000]","[0.000,0.000,0.000]","[0.000,0.000,0.000,1.000]",[],[],[],[]
14,AnalyticsContainer,"[0.000,0.000,0.000]","[0.000,0.000,0.000]","[0.000,0.000,0.000,1.000]",[],[],[],[]
14,DummyGameObject,"[0.000,0.000,0.000]","[0.000,0.000,0.000]","[0.000,0.000,0.000,1.000]",[],[],[],[]
14,IPA_PluginManager,"[0.000,0.000,0.000]","[0.000,0.000,0.000]","[0.000,0.000,0.000,1.000]",[],[],[],[]
15,AnalyticsContainer,"[0.000,0.000,0.000]","[0.000,0.000,0.000]","[0.000,0.000,0.000,1.000]",[],[],[],[]
15,DummyGameObject,"[0.000,0.000,0.000]","[0.000,0.000,0.000]","[0.000,0.000,0.000,1.000]",[],[],[],[]
15,IPA_PluginManager,"[0.000,0.000,0.000]","[0.000,0.000,0.000]","[0.000,0.000,0.000,1.000]",[],[],[],[]
16,AnalyticsContainer,"[0.000,0.000,0.000]","[0.000,0.000,0.000]","[0.000,0.000,0.000,1.000]",[],[],[],[]
16,DummyGameObject,"[0.000,0.000,0.000]","[0.000,0.000,0.000]","[0.000,0.000,0.000,1.000]",[],[],[],[]
16,IPA_PluginManager,"[0.000,0.000,0.000]","[0.000,0.000,0.000]","[0.000,0.000,0.000,1.000]",[],[],[],[]
17,AnalyticsContainer,"[0.000,0.000,0.000]","[0.000,0.000,0.000]","[0.000,0.000,0.000,1.000]",[],[],[],[]
17,DummyGameObject,"[0.000,0.000,0.000]","[0.000,0.000,0.000]","[0.000,0.000,0.000,1.000]",[],[],[],[]
17,IPA_PluginManager,"[0.000,0.000,0.000]","[0.000,0.000,0.000]","[0.000,0.000,0.000,1.000]",[],[],[],[]
18,AnalyticsContainer,"[0.000,0.000,0.000]","[0.000,0.000,0.000]","[0.000,0.000,0.000,1.000]",[],[],[],[]
18,DummyGameObject,"[0.000,0.000,0.000]","[0.000,0.000,0.000]","[0.000,0.000,0.000,1.000]",[],[],[],[]
18,IPA_PluginManager,"[0.000,0.000,0.000]","[0.000,0.000,0.000]","[0.000,0.000,0.000,1.000]",[],[],[],[]
19,AnalyticsContainer,"[0.000,0.000,0.000]","[0.000,0.000,0.000]","[0.000,0.000,0.000,1.000]",[],[],[],[]
19,DummyGameObject,"[0.000,0.000,0.000]","[0.000,0.000,0.000]","[0.000,0.000,0.000,1.000]",[],[],[],[]
19,IPA_PluginManager,"[0.000,0.000,0.000]","[0.000,0.000,0.000]","[0.000,0.000,0.000,1.000]",[],[],[],[]
20,AnalyticsContainer,"[0.000,0.000,0.000]","[0.000,0.000,0.000]","[0.000,0.000,0.000,1.000]",[],[],[],[]
20,DummyGameObject,"[0.000,0.000,0.000]","[0.000,0.000,0.000]","[0.000,0.000,0.000,1.000]",[],[],[],[]
20,IPA_PluginManager,"[0.000,0.000,0.000]","[0.000,0.000,0.000]","[0.000,0.000,0.000,1.000]",[],[],[],[]
21,AnalyticsContainer,"[0.000,0.000,0.000]","[0.000,0.000,0.000]","[0.000,0.000,0.000,1.000]",[],[],[],[]
21,DummyGameObject,"[0.000,0.000,0.000]","[0.000,0.000,0.000]","[0.000,0.000,0.000,1.000]",[],[],[],[]
21,IPA_PluginManager,"[0.000,0.000,0.000]","[0.000,0.000,0.000]","[0.000,0.000,0.000,1.000]",[],[],[],[]
22,AnalyticsContainer,"[0.000,0.000,0.000]","[0.000,0.000,0.000]","[0.000,0.000,0.000,1.000]",[],[],[],[]
22,DummyGameObject,"[0.000,0.000,0.000]","[0.000,0.000,0.000]","[0.000,0.000,0.000,1.000]",[],[],[],[]
22,IPA_PluginManager,"[0.000,0.000,0.000]","[0.000,0.000,0.000]","[0.000,0.000,0.000,1.000]",[],[],[],[]
23,AnalyticsContainer,"[0.000,0.000,0.000]","[0.000,0.000,0.000]","[0.000,0.000,0.000,1.000]",[],[],[],[]
23,DummyGameObject,"[0.000,0.000,0.000]","[0.000,0.000,0.000]","[0.000,0.000,0.000,1.000]",[],[],[],[]
23,IPA_PluginManager,"[0.000,0.000,0.000]","[0.000,0.000,0.000]","[0.000,0.000,0.000,1.000]",[],[],[],[]
24,AnalyticsContainer,"[0.000,0.000,0.000]","[0.000,0.000,0.000]","[0.000,0.000,0.000,1.000]",[],[],[],[]
24,DummyGameObject,"[0.000,0.000,0.000]","[0.000,0.000,0.000]","[0.000,0.000,0.000,1.000]",[],[],[],[]
24,IPA_PluginManager,"[0.000,0.000,0.000]","[0.000,0.000,0.000]","[0.000,0.000,0.000,1.000]",[],[],[],[]
25,AnalyticsContainer,"[0.000,0.000,0.000]","[0.000,0.000,0.000]","[0.000,0.000,0.000,1.000]",[],[],[],[]
25,DummyGameObject,"[0.000,0.000,0.000]","[0.000,0.000,0.000]","[0.000,0.000,0.000,1.000]",[],[],[],[]
25,IPA_PluginManager,"[0.000,0.000,0.000]","[0.000,0.000,0.000]","[0.000,0.000,0.000,1.000]",[],[],[],[]
26,AnalyticsContainer,"[0.000,0.000,0.000]","[0.000,0.000,0.000]","[0.000,0.000,0.000,1.000]",[],[],[],[]
26,DummyGameObject,"[0.000,0.000,0.000]","[0.000,0.000,0.000]","[0.000,0.000,0.000,1.000]",[],[],[],[]
26,IPA_PluginManager,"[0.000,0.000,0.000]","[0.000,0.000,0.000]","[0.000,0.000,0.000,1.000]",[],[],[],[]
27,AnalyticsContainer,"[0.000,0.000,0.000]","[0.000,0.000,0.000]","[0.000,0.000,0.000,1.000]",[],[],[],[]
27,DummyGameObject,"[0.000,0.000,0.000]","[0.000,0.000,0.000]","[0.000,0.000,0.000,1.000]",[],[],[],[]
27,IPA_PluginManager,"[0.000,0.000,0.000]","[0.000,0.000,0.000]","[0.000,0.000,0.000,1.000]",[],[],[],[]
28,AnalyticsContainer,"[0.000,0.000,0.000]","[0.000,0.000,0.000]","[0.000,0.000,0.000,1.000]",[],[],[],[]
28,DummyGameObject,"[0.000,0.000,0.000]","[0.000,0.000,0.000]","[0.000,0.000,0.000,1.000]",[],[],[],[]
28,IPA_PluginManager,"[0.000,0.000,0.000]","[0.000,0.000,0.000]","[0.000,0.000,0.000,1.000]",[],[],[],[]
29,AnalyticsContainer,"[0.000,0.000,0.000]","[0.000,0.000,0.000]","[0.000,0.000,0.000,1.000]",[],[],[],[]
29,DummyGameObject,"[0.000,0.000,0.000]","[0.000,0.000,0.000]","[0.000,0.000,0.000,1.000]",[],[],[],[]
29,IPA_PluginManager,"[0.000,0.000,0.000]","[0.000,0.000,0.000]","[0.000,0.000,0.000,1.000]",[],[],[],[]
30,AnalyticsContainer,"[0.000,0.000,0.000]","[0.000,0.000,0.000]","[0.000,0.000,0.000,1.000]",[],[],[],[]
30,DummyGameObject,"[0.000,0.000,0.000]","[0.000,0.000,0.000]","[0.000,0.000,0.000,1.000]",[],[],[],[]
30,IPA_PluginManager,"[0.000,0.000,0.000]","[0.000,0.000,0.000]","[0.000,0.000,0.000,1.000]",[],[],[],[]
31,AnalyticsContainer,"[0.000,0.000,0.000]","[0.000,0.000,0.000]","[0.000,0.000,0.000,1.000]",[],[],[],[]
31,DummyGameObject,"[0.000,0.000,0.000]","[0.000,0.000,0.000]","[0.000,0.000,0.000,1.000]",[],[],[],[]
31,IPA_PluginManager,"[0.000,0.000,0.000]","[0.000,0.000,0.000]","[0.000,0.000,0.000,1.000]",[],[],[],[]
32,AnalyticsContainer,"[0.000,0.000,0.000]","[0.000,0.000,0.000]","[0.000,0.000,0.000,1.000]",[],[],[],[]
32,DummyGameObject,"[0.000,0.000,0.000]","[0.000,0.000,0.000]","[0.000,0.000,0.000,1.000]",[],[],[],[]
32,IPA_PluginManager,"[0.000,0.000,0.000]","[0.000,0.000,0.000]","[0.000,0.000,0.000,1.000]",[],[],[],[]
33,AnalyticsContainer,"[0.000,0.000,0.000]","[0.000,0.000,0.000]","[0.000,0.000,0.000,1.000]",[],[],[],[]
33,DummyGameObject,"[0.000,0.000,0.000]","[0.000,0.000,0.000]","[0.000,0.000,0.000,1.000]",[],[],[],[]
33,IPA_PluginManager,"[0.000,0.000,0.000]","[0.000,0.000,0.000]","[0.000,0.000,0.000,1.000]",[],[],[],[]
34,AnalyticsContainer,"[0.000,0.000,0.000]","[0.000,0.000,0.000]","[0.000,0.000,0.000,1.000]",[],[],[],[]
34,DummyGameObject,"[0.000,0.000,0.000]","[0.000,0.000,0.000]","[0.000,0.000,0.000,1.000]",[],[],[],[]
34,IPA_PluginManager,"[0.000,0.000,0.000]","[0.000,0.000,0.000]","[0.000,0.000,0.000,1.000]",[],[],[],[]
35,AnalyticsContainer,"[0.000,0.000,0.000]","[0.000,0.000,0.000]","[0.000,0.000,0.000,1.000]",[],[],[],[]
35,DummyGameObject,"[0.000,0.000,0.000]","[0.000,0.000,0.000]","[0.000,0.000,0.000,1.000]",[],[],[],[]
35,IPA_PluginManager,"[0.000,0.000,0.000]","[0.000,0.000,0.000]","[0.000,0.000,0.000,1.000]",[],[],[],[]
36,AnalyticsContainer,"[0.000,0.000,0.000]","[0.000,0.000,0.000]","[0.000,0.000,0.000,1.000]",[],[],[],[]
36,DummyGameObject,"[0.000,0.000,0.000]","[0.000,0.000,0.000]","[0.000,0.000,0.000,1.000]",[],[],[],[]
36,IPA_PluginManager,"[0.000,0.000,0.000]","[0.000,0.000,0.000]","[0.000,0.000,0.000,1.000]",[],[],[],[]
37,AnalyticsContainer,"[0.000,0.000,0.000]","[0.000,0.000,0.000]","[0.000,0.000,0.000,1.000]",[],[],[],[]
37,DummyGameObject,"[0.000,0.000,0.000]","[0.000,0.000,0.000]","[0.000,0.000,0.000,1.000]",[],[],[],[]
37,IPA_PluginManager,"[0.000,0.000,0.000]","[0.000,0.000,0.000]","[0.000,0.000,0.000,1.000]",[],[],[],[]
38,AnalyticsContainer,"[0.000,0.000,0.000]","[0.000,0.000,0.000]","[0.000,0.000,0.000,1.000]",[],[],[],[]
38,DummyGameObject,"[0.000,0.000,0.000]","[0.000,0.000,0.000]","[0.000,0.000,0.000,1.000]",[],[],[],[]
38,IPA_PluginManager,"[0.000,0.000,0.000]","[0.000,0.000,0.000]","[0.000,0.000,0.000,1.000]",[],[],[],[]
