ObjectName,Scene,Parent,Level,Type,Layer,Active,Position,Rotation,Scale,InView,HasRenderer,HasCollider,Components
Environment/SceneSetup,DefaultEnvironment,Environment,1,Empty,Environment,False,"[0.000,0.000,0.000]","[0.000,0.000,0.000]","[1.000,1.000,1.000]",False,False,False,Transform|EnvironmentSceneSetup
Environment/====== STATIC ======,DefaultEnvironment,Environment,1,Empty,Default,False,"[0.000,0.000,0.000]","[0.000,0.000,0.000]","[1.000,1.000,1.000]",False,False,False,Transform
Environment/====== DYNAMIC ======,DefaultEnvironment,Environment,1,Empty,Default,False,"[0.000,0.000,0.000]","[0.000,0.000,0.000]","[1.000,1.000,1.000]",False,False,False,Transform
Environment/TrackMirror/SetDepthOnly,DefaultEnvironment,Environment/TrackMirror,2,Mesh,Water,False,"[0.000,0.000,7.800]","[0.000,0.000,0.000]","[1.000,1.000,1.000]",True,True,False,Transform|MeshFilter|MeshRenderer|DisableWhenMirrorIsEnabled
Environment/====== LIGHTS ======,DefaultEnvironment,Environment,1,Empty,Default,False,"[0.000,0.000,0.000]","[0.000,0.000,0.000]","[1.000,1.000,1.000]",False,False,False,Transform
Environment/TrackMirror,DefaultEnvironment,Environment,1,Mesh,Water,False,"[0.000,0.000,7.800]","[0.000,0.000,0.000]","[1.000,1.000,1.000]",True,True,False,Transform|MeshFilter|MeshRenderer|Mirror
Environment/GradientBackground,DefaultEnvironment,Environment,1,Empty,NeonLight,False,"[0.000,0.000,0.000]","[0.000,0.000,0.000]","[1.000,1.000,1.000]",False,False,False,Transform|BloomPrePassBackgroundColorsGradient|BloomPrePassBackgroundColorsGradientFromColorSchemeColors
Environment/CoreLighting,DefaultEnvironment,Environment,1,Empty,Default,False,"[0.000,0.000,0.000]","[0.000,0.000,0.000]","[1.000,1.000,1.000]",False,False,False,Transform
Environment/DecoratorContext,DefaultEnvironment,Environment,1,Empty,Default,False,"[0.000,0.000,0.000]","[0.000,0.000,0.000]","[1.000,1.000,1.000]",False,False,False,Transform|SceneDecoratorContext
Environment/TrackConstruction,DefaultEnvironment,Environment,1,Mesh,Default,False,"[0.000,0.000,0.000]","[0.000,0.000,0.000]","[1.000,1.000,1.000]",False,True,False,Transform|MeshFilter|MeshRenderer
Environment,DefaultEnvironment,None,0,Empty,Environment,False,"[0.000,0.000,0.000]","[0.000,0.000,0.000]","[1.000,1.000,1.000]",False,False,False,Transform|BloomFogEnvironment
Environment/CoreLighting/LightManager,DefaultEnvironment,Environment/CoreLighting,2,Empty,Default,False,"[0.000,0.000,0.000]","[0.000,0.000,0.000]","[1.000,1.000,1.000]",False,False,False,Transform|LightManager
Environment/BasicGameHUD/RightPanel/MultiplierCanvas/BGCircle,DefaultEnvironment,Environment/BasicGameHUD/RightPanel/MultiplierCanvas,4,Empty,UI,False,"[3.200,1.700,7.000]","[0.000,0.000,0.000]","[1.000,1.000,1.000]",True,False,False,RectTransform|CanvasRenderer|ImageView
Environment/BasicGameHUD/LeftPanel/ScoreCanvas/ImmediateRankText,DefaultEnvironment,Environment/BasicGameHUD/LeftPanel/ScoreCanvas,4,Empty,UI,False,"[-3.200,0.890,7.000]","[0.000,0.000,0.000]","[1.000,1.000,1.000]",True,False,False,RectTransform|CanvasRenderer|CurvedTextMeshPro
Environment/RotatingLasersPair/BaseR,DefaultEnvironment,Environment/RotatingLasersPair,2,Empty,NeonLight,False,"[7.000,2.000,50.000]","[0.000,0.000,0.000]","[1.000,1.000,1.000]",True,False,False,Transform
Environment/BasicGameHUD/RightPanel/MultiplierCanvas,DefaultEnvironment,Environment/BasicGameHUD/RightPanel,3,Empty,UI,False,"[3.200,1.700,7.000]","[0.000,0.000,0.000]","[0.010,0.010,0.010]",True,False,False,RectTransform|Canvas|Animator|ScoreMultiplierUIController
Environment/BackColumns/BackColumnNeon/BoxLight,DefaultEnvironment,Environment/BackColumns/BackColumnNeon,3,Mesh,Environment,False,"[3.000,0.239,-19.100]","[340.000,0.000,0.000]","[0.100,50.000,0.100]",False,True,False,Transform|MeshRenderer|MeshFilter|ParametricBoxController
Environment/BasicGameHUD/RightPanel/MultiplierCanvas/TextPanel/NumText,DefaultEnvironment,Environment/BasicGameHUD/RightPanel/MultiplierCanvas/TextPanel,5,Empty,UI,False,"[2.987,1.642,7.000]","[0.000,0.000,0.000]","[1.000,1.000,1.000]",True,False,False,RectTransform|CanvasRenderer|CurvedTextMeshPro
Environment/BasicGameHUD/LeftPanel/ScoreCanvas/ScoreText,DefaultEnvironment,Environment/BasicGameHUD/LeftPanel/ScoreCanvas,4,Empty,UI,False,"[-3.200,1.300,7.000]","[0.000,0.000,0.000]","[1.000,1.000,1.000]",True,False,False,RectTransform|CanvasRenderer|CurvedTextMeshPro|ScoreUIController
Environment/DoubleColorLaserR/TopBoxLight,DefaultEnvironment,Environment/DoubleColorLaserR,2,Mesh,NeonLight,False,"[44.423,60.500,179.648]","[60.000,23.000,0.000]","[0.050,125.000,0.050]",True,True,False,Transform|MeshRenderer|MeshFilter|ParametricBoxController
Environment/RotatingLasersPair,DefaultEnvironment,Environment,1,Empty,NeonLight,False,"[0.000,2.000,50.000]","[0.000,0.000,0.000]","[1.000,1.000,1.000]",True,False,False,Transform|LightPairRotationEventEffect
Environment/BasicGameHUD/EnergyPanel/EnergyIconFull,DefaultEnvironment,Environment/BasicGameHUD/EnergyPanel,3,Empty,UI,False,"[1.140,-0.640,7.750]","[0.000,0.000,0.000]","[1.000,1.000,1.000]",True,False,False,RectTransform|CanvasRenderer|ImageView
Environment/BasicGameHUD/LeftPanel/ComboPanel/ComboCanvas/NumText,DefaultEnvironment,Environment/BasicGameHUD/LeftPanel/ComboPanel/ComboCanvas,5,Empty,UI,False,"[-3.200,1.870,7.000]","[0.000,0.000,0.000]","[1.000,1.000,1.000]",True,False,False,RectTransform|CanvasRenderer|CurvedTextMeshPro
Environment/LightEffects,DefaultEnvironment,Environment,1,Empty,Environment,False,"[0.000,0.000,0.000]","[0.000,0.000,0.000]","[1.000,1.000,1.000]",False,False,False,Transform|LightSwitchEventEffect|LightSwitchEventEffect|LightSwitchEventEffect|LightSwitchEventEffect|LightSwitchEventEffect
Environment/RotatingLasersPair/BaseL,DefaultEnvironment,Environment/RotatingLasersPair,2,Empty,NeonLight,False,"[-7.000,2.000,50.000]","[0.000,0.000,0.000]","[1.000,1.000,1.000]",True,False,False,Transform
Environment/BasicGameHUD/LeftPanel/ScoreCanvas/RelativeScoreText,DefaultEnvironment,Environment/BasicGameHUD/LeftPanel/ScoreCanvas,4,Empty,UI,False,"[-3.200,0.952,7.000]","[0.000,0.000,0.000]","[1.000,1.000,1.000]",True,False,False,RectTransform|CanvasRenderer|CurvedTextMeshPro
Environment/BasicGameHUD/RightPanel/MultiplierCanvas/TextPanel,DefaultEnvironment,Environment/BasicGameHUD/RightPanel/MultiplierCanvas,4,Empty,UI,False,"[3.187,1.642,7.000]","[0.000,0.000,0.000]","[1.000,1.000,1.000]",True,False,False,RectTransform
Environment/BackColumns/BackColumnNeon/BakedBloom,DefaultEnvironment,Environment/BackColumns/BackColumnNeon,3,Mesh,Environment,False,"[-3.000,0.239,-19.100]","[20.000,180.000,0.000]","[1.000,1.000,1.000]",False,True,False,Transform|MeshRenderer|MeshFilter|Parametric3SliceSpriteController
Environment/DoubleColorLaserR/BottomBakedBloom,DefaultEnvironment,Environment/DoubleColorLaserR,2,Mesh,NeonLight,False,"[2.125,-2.000,80.000]","[60.000,23.000,0.000]","[1.000,1.000,1.000]",True,True,False,Transform|MeshRenderer|MeshFilter|Parametric3SliceSpriteController
Environment/BasicGameHUD/LeftPanel/ComboPanel/ComboCanvas,DefaultEnvironment,Environment/BasicGameHUD/LeftPanel/ComboPanel,4,Empty,UI,False,"[-3.200,1.830,7.000]","[0.000,0.000,0.000]","[1.000,1.000,1.000]",True,False,False,RectTransform|Canvas
Environment/BigTrackLaneRings,DefaultEnvironment,Environment,1,Empty,Default,False,"[0.000,5.000,7.000]","[0.000,0.000,0.000]","[1.000,1.000,1.000]",True,False,False,Transform|TrackLaneRingsManager|TrackLaneRingsRotationEffect|TrackLaneRingsRotationEffectSpawner
Environment/BasicGameHUD/LeftPanel/BG,DefaultEnvironment,Environment/BasicGameHUD/LeftPanel,3,Empty,UI,False,"[-3.200,-27.600,7.010]","[0.000,0.000,0.000]","[1.400,60.000,1.000]",False,True,False,Transform|SpriteRenderer
Environment/BackColumns,DefaultEnvironment,Environment,1,Mesh,Environment,False,"[0.000,0.000,0.000]","[0.000,0.000,0.000]","[1.000,1.000,1.000]",False,True,False,Transform|MeshFilter|MeshRenderer
Environment/SmallTrackLaneRings,DefaultEnvironment,Environment,1,Empty,Default,False,"[0.000,1.400,14.000]","[0.000,0.000,0.000]","[1.000,1.000,1.000]",True,False,False,Transform|TrackLaneRingsManager|TrackLaneRingsRotationEffect|TrackLaneRingsRotationEffectSpawner|TrackLaneRingsPositionStepEffectSpawner
Environment/BigSmokePS,DefaultEnvironment,Environment,1,Empty,NonReflectedParticles,False,"[0.000,0.000,0.000]","[0.000,0.000,0.000]","[1.000,1.000,1.000]",False,True,False,Transform|ParticleSystem|ParticleSystemRenderer|GraphicSettingsConditionalActivator|SetParticleSystemSeed
Environment/BasicGameHUD/EnergyPanel/BG,DefaultEnvironment,Environment/BasicGameHUD/EnergyPanel,3,Empty,UI,False,"[0.000,-0.640,7.750]","[0.000,0.000,0.000]","[1.000,1.000,1.000]",True,False,False,RectTransform|CanvasRenderer|RawImage
Environment/BasicGameHUD/LeftPanel,DefaultEnvironment,Environment/BasicGameHUD,2,Empty,UI,False,"[-3.200,0.400,7.000]","[0.000,0.000,0.000]","[1.000,1.000,1.000]",True,False,False,Transform
Environment/BasicGameHUD/RightPanel/MultiplierCanvas/TextOverlayPanelOutline1,DefaultEnvironment,Environment/BasicGameHUD/RightPanel/MultiplierCanvas,4,Empty,UI,False,"[3.187,1.642,7.000]","[0.000,0.000,0.000]","[1.000,1.000,1.000]",True,False,False,RectTransform
Environment/BasicGameHUD/RightPanel/BG,DefaultEnvironment,Environment/BasicGameHUD/RightPanel,3,Empty,UI,False,"[3.200,-27.600,7.010]","[0.000,0.000,0.000]","[1.400,60.000,1.000]",False,True,False,Transform|SpriteRenderer
Environment/PlayersPlace,DefaultEnvironment,Environment,1,Empty,PlayersPlace,False,"[0.000,0.000,0.000]","[0.000,0.000,0.000]","[1.000,1.000,1.000]",False,False,True,Transform|BoxCollider
Environment/BasicGameHUD/RightPanel/MultiplierCanvas/TextOverlayPanelOutline1/XText,DefaultEnvironment,Environment/BasicGameHUD/RightPanel/MultiplierCanvas/TextOverlayPanelOutline1,5,Empty,UI,False,"[3.210,1.854,7.000]","[0.000,0.000,0.000]","[1.000,1.000,1.000]",True,False,False,RectTransform|CanvasRenderer|CurvedTextMeshPro
Environment/BasicGameHUD/RightPanel/MultiplierCanvas/TextOverlayPanelOutline0,DefaultEnvironment,Environment/BasicGameHUD/RightPanel/MultiplierCanvas,4,Empty,UI,False,"[3.187,1.642,7.000]","[0.000,0.000,0.000]","[1.000,1.000,1.000]",True,False,False,RectTransform
Environment/BasicGameHUD/RightPanel/MultiplierCanvas/FGCircle,DefaultEnvironment,Environment/BasicGameHUD/RightPanel/MultiplierCanvas,4,Empty,UI,False,"[3.200,1.700,7.000]","[0.000,0.000,0.000]","[1.000,1.000,1.000]",True,False,False,RectTransform|CanvasRenderer|ImageView
Environment/BasicGameHUD/RightPanel/MultiplierCanvas/AnimationCircle,DefaultEnvironment,Environment/BasicGameHUD/RightPanel/MultiplierCanvas,4,Empty,UI,False,"[3.200,1.700,7.000]","[0.000,0.000,0.000]","[1.000,1.000,1.000]",True,False,False,RectTransform|CanvasRenderer|ImageView
Environment/BackColumns/BackColumnNeon,DefaultEnvironment,Environment/BackColumns,2,Empty,Environment,False,"[-3.000,0.239,-19.100]","[340.000,0.000,0.000]","[1.000,1.000,1.000]",False,False,False,Transform|TubeBloomPrePassLight|TubeBloomPrePassLightWithId
Environment/BasicGameHUD/RightPanel/Top,DefaultEnvironment,Environment/BasicGameHUD/RightPanel,3,Empty,UI,False,"[3.200,2.500,7.000]","[0.000,0.000,0.000]","[1.400,0.100,1.000]",True,True,False,Transform|SpriteRenderer
Environment/FrontLights,DefaultEnvironment,Environment,1,Empty,NeonLight,False,"[0.000,1.000,15.000]","[0.000,0.000,0.000]","[1.000,1.000,1.000]",True,False,False,Transform
Environment/BasicGameHUD/LeftPanel/Top,DefaultEnvironment,Environment/BasicGameHUD/LeftPanel,3,Empty,UI,False,"[-3.200,2.500,7.000]","[0.000,0.000,0.000]","[1.400,0.100,1.000]",True,True,False,Transform|SpriteRenderer
Environment/BasicGameHUD/LeftPanel/ComboPanel/ComboText,DefaultEnvironment,Environment/BasicGameHUD/LeftPanel/ComboPanel,4,Empty,UI,False,"[-3.200,1.960,7.000]","[0.000,0.000,0.000]","[0.700,1.000,1.000]",True,False,False,RectTransform|CanvasRenderer|CurvedTextMeshPro|LocalizedTextMeshProUGUI
Environment/BasicGameHUD/RightPanel/MultiplierCanvas/TextPanel/XText,DefaultEnvironment,Environment/BasicGameHUD/RightPanel/MultiplierCanvas/TextPanel,5,Empty,UI,False,"[3.210,1.854,7.000]","[0.000,0.000,0.000]","[1.000,1.000,1.000]",True,False,False,RectTransform|CanvasRenderer|CurvedTextMeshPro
Environment/DoubleColorLaserR/TopBakedBloom,DefaultEnvironment,Environment/DoubleColorLaserR,2,Mesh,NeonLight,False,"[2.125,-2.000,80.000]","[60.000,23.000,0.000]","[1.000,1.000,1.000]",True,True,False,Transform|MeshRenderer|MeshFilter|Parametric3SliceSpriteController
Environment/BasicGameHUD/EnergyPanel,DefaultEnvironment,Environment/BasicGameHUD,2,Empty,UI,False,"[0.000,-0.640,7.750]","[0.000,0.000,0.000]","[0.020,0.020,0.020]",True,False,False,RectTransform|GameEnergyUIPanel|Canvas|CanvasScaler|PlayableDirector|Animator
Environment/PlayersPlace/Mirror,DefaultEnvironment,Environment/PlayersPlace,2,Mesh,Water,False,"[0.000,0.005,0.000]","[0.000,0.000,0.000]","[1.000,1.000,1.000]",False,True,False,Transform|MeshFilter|MeshRenderer|Mirror
Environment/BasicGameHUD/RightPanel/MultiplierCanvas/TextOverlayPanelOutline1/NumText,DefaultEnvironment,Environment/BasicGameHUD/RightPanel/MultiplierCanvas/TextOverlayPanelOutline1,5,Empty,UI,False,"[2.987,1.642,7.000]","[0.000,0.000,0.000]","[1.000,1.000,1.000]",True,False,False,RectTransform|CanvasRenderer|CurvedTextMeshPro
Environment/BasicGameHUD/RightPanel/MultiplierCanvas/TextOverlayPanelOutline0/XText,DefaultEnvironment,Environment/BasicGameHUD/RightPanel/MultiplierCanvas/TextOverlayPanelOutline0,5,Empty,UI,False,"[3.210,1.854,7.000]","[0.000,0.000,0.000]","[1.000,1.000,1.000]",True,False,False,RectTransform|CanvasRenderer|CurvedTextMeshPro
Environment/DoubleColorLaserR,DefaultEnvironment,Environment,1,Empty,NeonLight,False,"[2.125,-2.000,80.000]","[60.000,23.000,0.000]","[1.000,1.000,1.000]",True,False,False,Transform|TubeBloomPrePassLight|TubeBloomPrePassLightWithId|TubeBloomPrePassLight|TubeBloomPrePassLightWithId
Environment/BasicGameHUD/RightPanel/MultiplierCanvas/TextOverlayPanelOutline0/NumText,DefaultEnvironment,Environment/BasicGameHUD/RightPanel/MultiplierCanvas/TextOverlayPanelOutline0,5,Empty,UI,False,"[2.987,1.642,7.000]","[0.000,0.000,0.000]","[1.000,1.000,1.000]",True,False,False,RectTransform|CanvasRenderer|CurvedTextMeshPro
Environment/BasicGameHUD/RightPanel,DefaultEnvironment,Environment/BasicGameHUD,2,Empty,UI,False,"[3.200,0.400,7.000]","[0.000,0.000,0.000]","[1.000,1.000,1.000]",True,False,False,Transform
Environment/BasicGameHUD/EnergyPanel/EnergyBarWrapper/EnergyBar,DefaultEnvironment,Environment/BasicGameHUD/EnergyPanel/EnergyBarWrapper,4,Empty,UI,False,"[-0.954,-0.640,7.750]","[0.000,0.000,0.000]","[1.000,1.000,1.000]",True,False,False,RectTransform|CanvasRenderer|ImageView|Canvas
Environment/PlayersPlace/Construction,DefaultEnvironment,Environment/PlayersPlace,2,Mesh,Environment,False,"[0.000,0.000,0.000]","[0.000,0.000,0.000]","[1.000,1.000,1.000]",False,True,False,Transform|MeshFilter|MeshRenderer
Environment/BasicGameHUD/LeftPanel/ScoreCanvas,DefaultEnvironment,Environment/BasicGameHUD/LeftPanel,3,Empty,UI,False,"[-3.200,0.900,7.000]","[0.000,0.000,0.000]","[0.020,0.020,0.020]",True,False,False,RectTransform|Canvas|ImmediateRankUIPanel
Environment/DoubleColorLaserR/BottomBoxLight,DefaultEnvironment,Environment/DoubleColorLaserR,2,Mesh,NeonLight,False,"[-40.173,-64.500,-19.648]","[60.000,23.000,0.000]","[0.050,125.000,0.050]",False,True,False,Transform|MeshRenderer|MeshFilter|ParametricBoxController
Environment/BasicGameHUD/EnergyPanel/EnergyIconEmpty,DefaultEnvironment,Environment/BasicGameHUD/EnergyPanel,3,Empty,UI,False,"[-1.180,-0.640,7.750]","[0.000,0.000,0.000]","[1.000,1.000,1.000]",True,False,False,RectTransform|CanvasRenderer|ImageView
Environment/BasicGameHUD,DefaultEnvironment,Environment,1,Empty,UI,False,"[0.000,0.000,0.000]","[0.000,0.000,0.000]","[1.000,1.000,1.000]",False,False,False,Transform|CoreGameHUDController|CanvasGroup|ZenjectBinding
Environment/PlayersPlace/Feet,DefaultEnvironment,Environment/PlayersPlace,2,Empty,DontShowInExternalMRCamera,False,"[0.000,0.005,0.000]","[90.000,0.000,0.000]","[1.000,1.000,1.000]",False,True,False,Transform|SpriteRenderer|SpriteLightWithId
Environment/CoreLighting/DirectionalLight,DefaultEnvironment,Environment/CoreLighting,2,Empty,Default,False,"[0.000,2.000,20.000]","[7.000,180.000,180.000]","[1.000,1.000,1.000]",True,False,False,Transform|DirectionalLight|DirectionalLightWithIds
Environment/BasicGameHUD/LeftPanel/ComboPanel,DefaultEnvironment,Environment/BasicGameHUD/LeftPanel,3,Empty,UI,False,"[-3.200,1.830,7.000]","[0.000,0.000,0.000]","[0.010,0.010,0.010]",True,False,False,RectTransform|ComboUIController|Animator|Canvas|CanvasScaler
Environment/NearBuildingLeft (1)/NeonTubeDirectional (1),DefaultEnvironment,Environment/NearBuildingLeft (1),2,Empty,NeonLight,False,"[-7.450,-5.500,-18.000]","[0.000,0.000,0.000]","[1.000,1.000,1.000]",False,False,False,Transform|TubeBloomPrePassLight|TubeBloomPrePassLightWithId
Environment/NearBuildingLeft (2)/NeonTubeDirectional (1),DefaultEnvironment,Environment/NearBuildingLeft (2),2,Empty,NeonLight,False,"[-17.450,-2.500,15.000]","[0.000,0.000,0.000]","[1.000,1.000,1.000]",True,False,False,Transform|TubeBloomPrePassLight|TubeBloomPrePassLightWithId
Environment/NearBuildingLeft (1)/NeonTubeDirectional (1)/BakedBloom,DefaultEnvironment,Environment/NearBuildingLeft (1)/NeonTubeDirectional (1),3,Mesh,NeonLight,False,"[-7.450,-5.500,-18.000]","[0.000,270.000,0.000]","[1.000,1.000,1.000]",False,True,False,Transform|MeshRenderer|MeshFilter|Parametric3SliceSpriteController
Environment/NearBuildingLeft (2)/NeonTubeDirectional (1)/BakedBloom,DefaultEnvironment,Environment/NearBuildingLeft (2)/NeonTubeDirectional (1),3,Mesh,NeonLight,False,"[-17.450,-2.500,15.000]","[0.000,270.000,0.000]","[1.000,1.000,1.000]",True,True,False,Transform|MeshRenderer|MeshFilter|Parametric3SliceSpriteController
Environment/NearBuildingLeft (2)/NeonTubeDirectional (1)/BoxLight,DefaultEnvironment,Environment/NearBuildingLeft (2)/NeonTubeDirectional (1),3,Mesh,NeonLight,False,"[-17.450,-2.500,15.000]","[0.000,0.000,0.000]","[0.100,10.000,0.100]",True,True,False,Transform|MeshRenderer|MeshFilter|ParametricBoxController
Environment/NearBuildingLeft (1)/NeonTubeDirectional (1)/BoxLight,DefaultEnvironment,Environment/NearBuildingLeft (1)/NeonTubeDirectional (1),3,Mesh,NeonLight,False,"[-7.450,-5.500,-18.000]","[0.000,0.000,0.000]","[0.100,10.000,0.100]",False,True,False,Transform|MeshRenderer|MeshFilter|ParametricBoxController
Environment/NearBuildingLeft (2),DefaultEnvironment,Environment,1,Empty,Default,False,"[-20.000,3.000,15.000]","[0.000,0.000,0.000]","[1.000,1.000,1.000]",True,False,False,Transform
Environment/NearBuildingLeft (1),DefaultEnvironment,Environment,1,Empty,Default,False,"[-10.000,0.000,-18.000]","[0.000,0.000,0.000]","[1.000,1.000,1.000]",False,False,False,Transform
Environment/NearBuildingLeft (2)/Mesh,DefaultEnvironment,Environment/NearBuildingLeft (2),2,Mesh,Default,False,"[6.000,-17.000,-10.000]","[0.000,0.000,0.000]","[1.000,1.000,1.000]",False,True,False,Transform|MeshFilter|MeshRenderer
Environment/NearBuildingLeft (1)/Mesh,DefaultEnvironment,Environment/NearBuildingLeft (1),2,Mesh,Default,False,"[16.000,-20.000,-43.000]","[0.000,0.000,0.000]","[1.000,1.000,1.000]",False,True,False,Transform|MeshFilter|MeshRenderer
Environment/BasicGameHUD/RightPanel/SongProgressCanvas/ProgressText/Separator,DefaultEnvironment,Environment/BasicGameHUD/RightPanel/SongProgressCanvas/ProgressText,5,Empty,UI,False,"[3.185,0.645,6.990]","[0.000,0.000,0.000]","[1.000,1.000,1.000]",True,False,False,RectTransform|CanvasRenderer|ImageView
Environment/NearBuildingRight (1)/Mesh,DefaultEnvironment,Environment/NearBuildingRight (1),2,Mesh,Default,False,"[-16.000,-20.000,-43.000]","[0.000,0.000,0.000]","[1.000,1.000,1.000]",False,True,False,Transform|MeshFilter|MeshRenderer
Environment/NearBuildingRight (2)/Mesh,DefaultEnvironment,Environment/NearBuildingRight (2),2,Mesh,Default,False,"[-6.000,-17.000,-10.000]","[0.000,0.000,0.000]","[1.000,1.000,1.000]",False,True,False,Transform|MeshFilter|MeshRenderer
Environment/NearBuildingRight (1),DefaultEnvironment,Environment,1,Empty,Default,False,"[10.000,0.000,-18.000]","[0.000,0.000,0.000]","[1.000,1.000,1.000]",False,False,False,Transform
Environment/NearBuildingRight (2),DefaultEnvironment,Environment,1,Empty,Default,False,"[20.000,3.000,15.000]","[0.000,0.000,0.000]","[1.000,1.000,1.000]",False,False,False,Transform
Environment/LightWithIdManager,DefaultEnvironment,Environment,1,Empty,Default,False,"[0.000,0.000,0.000]","[0.000,0.000,0.000]","[1.000,1.000,1.000]",False,False,False,Transform|LightWithIdManager|ZenjectBinding
Environment/FakeMirrorObjectsInstaller,DefaultEnvironment,Environment,1,Empty,Environment,False,"[0.000,0.000,0.000]","[0.000,0.000,0.000]","[1.000,1.000,1.000]",False,False,False,Transform|FakeMirrorObjectsInstaller
Environment/DustPS,DefaultEnvironment,Environment,1,Empty,DontShowInExternalMRCamera,False,"[0.000,0.000,0.000]","[90.000,0.000,0.000]","[1.000,1.000,1.000]",False,True,False,Transform|ParticleSystem|ParticleSystemRenderer|MoveAndRotateWithMainCamera|ReflectionProbeBakingOverride|SetParticleSystemSeed
Environment/Spectrograms/Spectrogram,DefaultEnvironment,Environment/Spectrograms,2,Empty,Environment,False,"[12.000,4.000,30.000]","[0.000,0.000,0.000]","[1.000,1.000,1.000]",True,False,False,Transform
Environment/Spectrograms,DefaultEnvironment,Environment,1,Empty,Default,False,"[0.000,4.000,0.000]","[0.000,0.000,0.000]","[1.000,1.000,1.000]",False,False,False,Transform|Spectrogram
Environment/PlayersPlace/SaberBurnMarksParticles,DefaultEnvironment,Environment/PlayersPlace,2,Empty,NonReflectedParticles,False,"[0.000,0.005,0.000]","[0.000,0.000,0.000]","[1.000,1.000,1.000]",False,False,False,Transform|SaberBurnMarkSparkles
Environment/PlayersPlace/SaberBurnMarksParticles/SaberBurnMarkSparklePS,DefaultEnvironment,Environment/PlayersPlace/SaberBurnMarksParticles,3,Empty,NonReflectedParticles,False,"[0.000,0.005,0.000]","[0.000,0.000,0.000]","[1.000,1.000,1.000]",False,True,False,Transform|ParticleSystemRenderer|ParticleSystem|SetParticleSystemSeed
Environment/PlayersPlace/SaberBurnMarksArea,DefaultEnvironment,Environment/PlayersPlace,2,Mesh,NonReflectedParticles,False,"[0.000,0.010,0.000]","[0.000,0.000,0.000]","[1.000,1.000,1.000]",False,True,False,Transform|MeshFilter|MeshRenderer|SaberBurnMarkArea|GraphicSettingsConditionalActivator
Environment/PlayersPlace/RectangleFakeGlow,DefaultEnvironment,Environment/PlayersPlace,2,Mesh,Default,False,"[0.000,0.008,0.000]","[90.000,0.000,0.000]","[1.495,0.995,1.000]",False,True,False,Transform|MeshRenderer|MeshFilter|MaterialPropertyBlockController|RectangleFakeGlow|RectangleFakeGlowLightWithId|ReflectionProbeBakingOverride
Environment/BasicGameHUD/RightPanel/RecordingPanel/RecordingCircle,DefaultEnvironment,Environment/BasicGameHUD/RightPanel/RecordingPanel,4,Empty,DontShowInExternalMRCamera,False,"[2.911,0.230,7.000]","[0.000,0.000,0.000]","[1.000,1.000,1.000]",True,False,False,RectTransform|CanvasRenderer|ImageView
Environment/RotatingLasersPair/BaseR/Laser/BoxLight,DefaultEnvironment,Environment/RotatingLasersPair/BaseR/Laser,4,Mesh,NeonLight,False,"[-189.597,139.658,50.000]","[0.000,0.000,55.000]","[0.050,250.000,0.050]",False,True,False,Transform|MeshRenderer|MeshFilter|ParametricBoxController
Environment/RotatingLasersPair/BaseR/Laser/BakedBloom,DefaultEnvironment,Environment/RotatingLasersPair/BaseR/Laser,4,Mesh,NeonLight,False,"[7.000,2.000,50.000]","[305.000,90.000,0.000]","[1.000,1.000,1.000]",True,True,False,Transform|MeshRenderer|MeshFilter|Parametric3SliceSpriteController
Environment/RotatingLasersPair/BaseR/Laser,DefaultEnvironment,Environment/RotatingLasersPair/BaseR,3,Empty,NeonLight,False,"[7.000,2.000,50.000]","[0.000,0.000,55.000]","[1.000,1.000,1.000]",True,False,False,Transform|TubeBloomPrePassLight|TubeBloomPrePassLightWithId
Environment/RotatingLasersPair/BaseL/Laser/BakedBloom,DefaultEnvironment,Environment/RotatingLasersPair/BaseL/Laser,4,Mesh,NeonLight,False,"[-7.000,2.000,50.000]","[55.000,90.000,0.000]","[1.000,1.000,1.000]",True,True,False,Transform|MeshRenderer|MeshFilter|Parametric3SliceSpriteController
Environment/RotatingLasersPair/BaseL/Laser,DefaultEnvironment,Environment/RotatingLasersPair/BaseL,3,Empty,NeonLight,False,"[-7.000,2.000,50.000]","[0.000,0.000,305.000]","[1.000,1.000,1.000]",True,False,False,Transform|TubeBloomPrePassLight|TubeBloomPrePassLightWithId
Environment/BasicGameHUD/RightPanel/SongProgressCanvas/ProgressText,DefaultEnvironment,Environment/BasicGameHUD/RightPanel/SongProgressCanvas,4,Empty,UI,False,"[3.200,0.760,6.990]","[0.000,0.000,0.000]","[1.000,1.000,1.000]",True,False,False,RectTransform
Environment/RotatingLasersPair/BaseL/Laser/BoxLight,DefaultEnvironment,Environment/RotatingLasersPair/BaseL/Laser,4,Mesh,NeonLight,False,"[189.597,139.658,50.000]","[0.000,0.000,305.000]","[0.050,250.000,0.050]",False,True,False,Transform|MeshRenderer|MeshFilter|ParametricBoxController
Environment/DoubleColorLaserL (3)/BottomBakedBloom,DefaultEnvironment,Environment/DoubleColorLaserL (3),2,Mesh,NeonLight,False,"[-2.125,-2.000,50.000]","[60.000,337.000,0.000]","[1.000,1.000,1.000]",True,True,False,Transform|MeshRenderer|MeshFilter|Parametric3SliceSpriteController
Environment/DoubleColorLaserL (4)/BottomBakedBloom,DefaultEnvironment,Environment/DoubleColorLaserL (4),2,Mesh,NeonLight,False,"[-2.125,-2.000,90.000]","[60.000,337.000,0.000]","[1.000,1.000,1.000]",True,True,False,Transform|MeshRenderer|MeshFilter|Parametric3SliceSpriteController
Environment/DoubleColorLaserR (3)/BottomBakedBloom,DefaultEnvironment,Environment/DoubleColorLaserR (3),2,Mesh,NeonLight,False,"[2.125,-2.000,50.000]","[60.000,23.000,0.000]","[1.000,1.000,1.000]",True,True,False,Transform|MeshRenderer|MeshFilter|Parametric3SliceSpriteController
Environment/DoubleColorLaserL/BottomBakedBloom,DefaultEnvironment,Environment/DoubleColorLaserL,2,Mesh,NeonLight,False,"[-2.125,-2.000,80.000]","[60.000,337.000,0.000]","[1.000,1.000,1.000]",True,True,False,Transform|MeshRenderer|MeshFilter|Parametric3SliceSpriteController
Environment/DoubleColorLaserR (1)/BottomBakedBloom,DefaultEnvironment,Environment/DoubleColorLaserR (1),2,Mesh,NeonLight,False,"[2.125,-2.000,70.000]","[60.000,23.000,0.000]","[1.000,1.000,1.000]",True,True,False,Transform|MeshRenderer|MeshFilter|Parametric3SliceSpriteController
Environment/DoubleColorLaserL (1)/BottomBakedBloom,DefaultEnvironment,Environment/DoubleColorLaserL (1),2,Mesh,NeonLight,False,"[-2.125,-2.000,70.000]","[60.000,337.000,0.000]","[1.000,1.000,1.000]",True,True,False,Transform|MeshRenderer|MeshFilter|Parametric3SliceSpriteController
Environment/DoubleColorLaserR (4)/BottomBakedBloom,DefaultEnvironment,Environment/DoubleColorLaserR (4),2,Mesh,NeonLight,False,"[2.125,-2.000,90.000]","[60.000,23.000,0.000]","[1.000,1.000,1.000]",True,True,False,Transform|MeshRenderer|MeshFilter|Parametric3SliceSpriteController
Environment/DoubleColorLaserL (2)/BottomBakedBloom,DefaultEnvironment,Environment/DoubleColorLaserL (2),2,Mesh,NeonLight,False,"[-2.125,-2.000,60.000]","[60.000,337.000,0.000]","[1.000,1.000,1.000]",True,True,False,Transform|MeshRenderer|MeshFilter|Parametric3SliceSpriteController
Environment/DoubleColorLaserR (2)/BottomBakedBloom,DefaultEnvironment,Environment/DoubleColorLaserR (2),2,Mesh,NeonLight,False,"[2.125,-2.000,60.000]","[60.000,23.000,0.000]","[1.000,1.000,1.000]",True,True,False,Transform|MeshRenderer|MeshFilter|Parametric3SliceSpriteController
Environment/DoubleColorLaserR (2)/TopBoxLight,DefaultEnvironment,Environment/DoubleColorLaserR (2),2,Mesh,NeonLight,False,"[44.423,60.500,159.648]","[60.000,23.000,0.000]","[0.050,125.000,0.050]",True,True,False,Transform|MeshRenderer|MeshFilter|ParametricBoxController
Environment/DoubleColorLaserL (1)/TopBoxLight,DefaultEnvironment,Environment/DoubleColorLaserL (1),2,Mesh,NeonLight,False,"[-44.423,60.500,169.648]","[60.000,337.000,0.000]","[0.050,125.000,0.050]",True,True,False,Transform|MeshRenderer|MeshFilter|ParametricBoxController
Environment/DoubleColorLaserR (4)/TopBoxLight,DefaultEnvironment,Environment/DoubleColorLaserR (4),2,Mesh,NeonLight,False,"[44.423,60.500,189.648]","[60.000,23.000,0.000]","[0.050,125.000,0.050]",True,True,False,Transform|MeshRenderer|MeshFilter|ParametricBoxController
Environment/DoubleColorLaserL (2)/TopBoxLight,DefaultEnvironment,Environment/DoubleColorLaserL (2),2,Mesh,NeonLight,False,"[-44.423,60.500,159.648]","[60.000,337.000,0.000]","[0.050,125.000,0.050]",True,True,False,Transform|MeshRenderer|MeshFilter|ParametricBoxController
Environment/DoubleColorLaserR (1)/TopBoxLight,DefaultEnvironment,Environment/DoubleColorLaserR (1),2,Mesh,NeonLight,False,"[44.423,60.500,169.648]","[60.000,23.000,0.000]","[0.050,125.000,0.050]",True,True,False,Transform|MeshRenderer|MeshFilter|ParametricBoxController
Environment/DoubleColorLaserL/TopBoxLight,DefaultEnvironment,Environment/DoubleColorLaserL,2,Mesh,NeonLight,False,"[-44.423,60.500,179.648]","[60.000,337.000,0.000]","[0.050,125.000,0.050]",True,True,False,Transform|MeshRenderer|MeshFilter|ParametricBoxController
Environment/DoubleColorLaserR (3)/TopBoxLight,DefaultEnvironment,Environment/DoubleColorLaserR (3),2,Mesh,NeonLight,False,"[44.423,60.500,149.648]","[60.000,23.000,0.000]","[0.050,125.000,0.050]",True,True,False,Transform|MeshRenderer|MeshFilter|ParametricBoxController
Environment/DoubleColorLaserL (3)/TopBoxLight,DefaultEnvironment,Environment/DoubleColorLaserL (3),2,Mesh,NeonLight,False,"[-44.423,60.500,149.648]","[60.000,337.000,0.000]","[0.050,125.000,0.050]",True,True,False,Transform|MeshRenderer|MeshFilter|ParametricBoxController
Environment/DoubleColorLaserL (4)/TopBoxLight,DefaultEnvironment,Environment/DoubleColorLaserL (4),2,Mesh,NeonLight,False,"[-44.423,60.500,189.648]","[60.000,337.000,0.000]","[0.050,125.000,0.050]",True,True,False,Transform|MeshRenderer|MeshFilter|ParametricBoxController
Environment/DoubleColorLaserR (2)/BottomBoxLight,DefaultEnvironment,Environment/DoubleColorLaserR (2),2,Mesh,NeonLight,False,"[-40.173,-64.500,-39.648]","[60.000,23.000,0.000]","[0.050,125.000,0.050]",False,True,False,Transform|MeshRenderer|MeshFilter|ParametricBoxController
Environment/DoubleColorLaserR (1)/BottomBoxLight,DefaultEnvironment,Environment/DoubleColorLaserR (1),2,Mesh,NeonLight,False,"[-40.173,-64.500,-29.648]","[60.000,23.000,0.000]","[0.050,125.000,0.050]",False,True,False,Transform|MeshRenderer|MeshFilter|ParametricBoxController
Environment/DoubleColorLaserR (4)/BottomBoxLight,DefaultEnvironment,Environment/DoubleColorLaserR (4),2,Mesh,NeonLight,False,"[-40.173,-64.500,-9.648]","[60.000,23.000,0.000]","[0.050,125.000,0.050]",False,True,False,Transform|MeshRenderer|MeshFilter|ParametricBoxController
Environment/DoubleColorLaserL (1)/BottomBoxLight,DefaultEnvironment,Environment/DoubleColorLaserL (1),2,Mesh,NeonLight,False,"[40.173,-64.500,-29.648]","[60.000,337.000,0.000]","[0.050,125.000,0.050]",False,True,False,Transform|MeshRenderer|MeshFilter|ParametricBoxController
Environment/DoubleColorLaserL (2)/BottomBoxLight,DefaultEnvironment,Environment/DoubleColorLaserL (2),2,Mesh,NeonLight,False,"[40.173,-64.500,-39.648]","[60.000,337.000,0.000]","[0.050,125.000,0.050]",False,True,False,Transform|MeshRenderer|MeshFilter|ParametricBoxController
Environment/DoubleColorLaserL/BottomBoxLight,DefaultEnvironment,Environment/DoubleColorLaserL,2,Mesh,NeonLight,False,"[40.173,-64.500,-19.648]","[60.000,337.000,0.000]","[0.050,125.000,0.050]",False,True,False,Transform|MeshRenderer|MeshFilter|ParametricBoxController
Environment/DoubleColorLaserL (3)/BottomBoxLight,DefaultEnvironment,Environment/DoubleColorLaserL (3),2,Mesh,NeonLight,False,"[40.173,-64.500,-49.648]","[60.000,337.000,0.000]","[0.050,125.000,0.050]",False,True,False,Transform|MeshRenderer|MeshFilter|ParametricBoxController
Environment/DoubleColorLaserL (4)/BottomBoxLight,DefaultEnvironment,Environment/DoubleColorLaserL (4),2,Mesh,NeonLight,False,"[40.173,-64.500,-9.648]","[60.000,337.000,0.000]","[0.050,125.000,0.050]",False,True,False,Transform|MeshRenderer|MeshFilter|ParametricBoxController
Environment/DoubleColorLaserR (3)/BottomBoxLight,DefaultEnvironment,Environment/DoubleColorLaserR (3),2,Mesh,NeonLight,False,"[-40.173,-64.500,-49.648]","[60.000,23.000,0.000]","[0.050,125.000,0.050]",False,True,False,Transform|MeshRenderer|MeshFilter|ParametricBoxController
Environment/DoubleColorLaserL,DefaultEnvironment,Environment,1,Empty,NeonLight,False,"[-2.125,-2.000,80.000]","[60.000,337.000,0.000]","[1.000,1.000,1.000]",True,False,False,Transform|TubeBloomPrePassLight|TubeBloomPrePassLightWithId|TubeBloomPrePassLight|TubeBloomPrePassLightWithId
Environment/DoubleColorLaserL (3),DefaultEnvironment,Environment,1,Empty,NeonLight,False,"[-2.125,-2.000,50.000]","[60.000,337.000,0.000]","[1.000,1.000,1.000]",True,False,False,Transform|TubeBloomPrePassLight|TubeBloomPrePassLightWithId|TubeBloomPrePassLight|TubeBloomPrePassLightWithId
Environment/DoubleColorLaserL (4),DefaultEnvironment,Environment,1,Empty,NeonLight,False,"[-2.125,-2.000,90.000]","[60.000,337.000,0.000]","[1.000,1.000,1.000]",True,False,False,Transform|TubeBloomPrePassLight|TubeBloomPrePassLightWithId|TubeBloomPrePassLight|TubeBloomPrePassLightWithId
Environment/DoubleColorLaserR (3),DefaultEnvironment,Environment,1,Empty,NeonLight,False,"[2.125,-2.000,50.000]","[60.000,23.000,0.000]","[1.000,1.000,1.000]",True,False,False,Transform|TubeBloomPrePassLight|TubeBloomPrePassLightWithId|TubeBloomPrePassLight|TubeBloomPrePassLightWithId
Environment/DoubleColorLaserR (2),DefaultEnvironment,Environment,1,Empty,NeonLight,False,"[2.125,-2.000,60.000]","[60.000,23.000,0.000]","[1.000,1.000,1.000]",True,False,False,Transform|TubeBloomPrePassLight|TubeBloomPrePassLightWithId|TubeBloomPrePassLight|TubeBloomPrePassLightWithId
Environment/DoubleColorLaserR (1),DefaultEnvironment,Environment,1,Empty,NeonLight,False,"[2.125,-2.000,70.000]","[60.000,23.000,0.000]","[1.000,1.000,1.000]",True,False,False,Transform|TubeBloomPrePassLight|TubeBloomPrePassLightWithId|TubeBloomPrePassLight|TubeBloomPrePassLightWithId
Environment/DoubleColorLaserL (1),DefaultEnvironment,Environment,1,Empty,NeonLight,False,"[-2.125,-2.000,70.000]","[60.000,337.000,0.000]","[1.000,1.000,1.000]",True,False,False,Transform|TubeBloomPrePassLight|TubeBloomPrePassLightWithId|TubeBloomPrePassLight|TubeBloomPrePassLightWithId
Environment/DoubleColorLaserR (4),DefaultEnvironment,Environment,1,Empty,NeonLight,False,"[2.125,-2.000,90.000]","[60.000,23.000,0.000]","[1.000,1.000,1.000]",True,False,False,Transform|TubeBloomPrePassLight|TubeBloomPrePassLightWithId|TubeBloomPrePassLight|TubeBloomPrePassLightWithId
Environment/DoubleColorLaserL (2),DefaultEnvironment,Environment,1,Empty,NeonLight,False,"[-2.125,-2.000,60.000]","[60.000,337.000,0.000]","[1.000,1.000,1.000]",True,False,False,Transform|TubeBloomPrePassLight|TubeBloomPrePassLightWithId|TubeBloomPrePassLight|TubeBloomPrePassLightWithId
Environment/DoubleColorLaserR (1)/TopBakedBloom,DefaultEnvironment,Environment/DoubleColorLaserR (1),2,Mesh,NeonLight,False,"[2.125,-2.000,70.000]","[60.000,23.000,0.000]","[1.000,1.000,1.000]",True,True,False,Transform|MeshRenderer|MeshFilter|Parametric3SliceSpriteController
Environment/DoubleColorLaserL (2)/TopBakedBloom,DefaultEnvironment,Environment/DoubleColorLaserL (2),2,Mesh,NeonLight,False,"[-2.125,-2.000,60.000]","[60.000,337.000,0.000]","[1.000,1.000,1.000]",True,True,False,Transform|MeshRenderer|MeshFilter|Parametric3SliceSpriteController
Environment/DoubleColorLaserL (1)/TopBakedBloom,DefaultEnvironment,Environment/DoubleColorLaserL (1),2,Mesh,NeonLight,False,"[-2.125,-2.000,70.000]","[60.000,337.000,0.000]","[1.000,1.000,1.000]",True,True,False,Transform|MeshRenderer|MeshFilter|Parametric3SliceSpriteController
Environment/DoubleColorLaserR (4)/TopBakedBloom,DefaultEnvironment,Environment/DoubleColorLaserR (4),2,Mesh,NeonLight,False,"[2.125,-2.000,90.000]","[60.000,23.000,0.000]","[1.000,1.000,1.000]",True,True,False,Transform|MeshRenderer|MeshFilter|Parametric3SliceSpriteController
Environment/DoubleColorLaserR (2)/TopBakedBloom,DefaultEnvironment,Environment/DoubleColorLaserR (2),2,Mesh,NeonLight,False,"[2.125,-2.000,60.000]","[60.000,23.000,0.000]","[1.000,1.000,1.000]",True,True,False,Transform|MeshRenderer|MeshFilter|Parametric3SliceSpriteController
Environment/DoubleColorLaserL (4)/TopBakedBloom,DefaultEnvironment,Environment/DoubleColorLaserL (4),2,Mesh,NeonLight,False,"[-2.125,-2.000,90.000]","[60.000,337.000,0.000]","[1.000,1.000,1.000]",True,True,False,Transform|MeshRenderer|MeshFilter|Parametric3SliceSpriteController
Environment/DoubleColorLaserL (3)/TopBakedBloom,DefaultEnvironment,Environment/DoubleColorLaserL (3),2,Mesh,NeonLight,False,"[-2.125,-2.000,50.000]","[60.000,337.000,0.000]","[1.000,1.000,1.000]",True,True,False,Transform|MeshRenderer|MeshFilter|Parametric3SliceSpriteController
Environment/DoubleColorLaserR (3)/TopBakedBloom,DefaultEnvironment,Environment/DoubleColorLaserR (3),2,Mesh,NeonLight,False,"[2.125,-2.000,50.000]","[60.000,23.000,0.000]","[1.000,1.000,1.000]",True,True,False,Transform|MeshRenderer|MeshFilter|Parametric3SliceSpriteController
Environment/DoubleColorLaserL/TopBakedBloom,DefaultEnvironment,Environment/DoubleColorLaserL,2,Mesh,NeonLight,False,"[-2.125,-2.000,80.000]","[60.000,337.000,0.000]","[1.000,1.000,1.000]",True,True,False,Transform|MeshRenderer|MeshFilter|Parametric3SliceSpriteController
Environment/BasicGameHUD/EnergyPanel/Laser,DefaultEnvironment,Environment/BasicGameHUD/EnergyPanel,3,Empty,NeonLight,False,"[0.000,-0.640,6.950]","[0.000,0.000,90.000]","[1.000,1.000,1.000]",True,False,False,Transform|TubeBloomPrePassLight
Environment/BasicGameHUD/EnergyPanel/Laser/BoxLight,DefaultEnvironment,Environment/BasicGameHUD/EnergyPanel/Laser,4,Mesh,Default,False,"[0.000,-0.640,6.950]","[0.000,0.000,90.000]","[0.000,250.000,0.000]",True,True,False,Transform|MeshRenderer|MeshFilter|ParametricBoxController
Environment/BasicGameHUD/EnergyPanel/Laser/BakedBloom,DefaultEnvironment,Environment/BasicGameHUD/EnergyPanel/Laser,4,Mesh,Default,False,"[0.000,-0.640,6.950]","[0.000,0.000,90.000]","[1.000,1.000,1.000]",True,True,False,Transform|MeshRenderer|MeshFilter|Parametric3SliceSpriteController
Environment/BasicGameHUD/RightPanel/SongProgressCanvas/ProgressText/Progress/ProgressColon,DefaultEnvironment,Environment/BasicGameHUD/RightPanel/SongProgressCanvas/ProgressText/Progress,6,Empty,UI,False,"[2.881,0.635,6.990]","[0.000,0.000,0.000]","[1.000,1.000,1.000]",True,False,False,RectTransform|CanvasRenderer|ImageView
Environment/BasicGameHUD/RightPanel/SongProgressCanvas/ProgressText/Duration/DurationColon,DefaultEnvironment,Environment/BasicGameHUD/RightPanel/SongProgressCanvas/ProgressText/Duration,6,Empty,UI,False,"[3.396,0.635,6.990]","[0.000,0.000,0.000]","[1.000,1.000,1.000]",True,False,False,RectTransform|CanvasRenderer|ImageView
Environment/BasicGameHUD/LeftPanel/ComboPanel/Line0,DefaultEnvironment,Environment/BasicGameHUD/LeftPanel/ComboPanel,4,Empty,UI,False,"[-3.200,2.180,7.000]","[0.000,0.000,0.000]","[1.000,1.000,1.000]",True,False,False,RectTransform|CanvasRenderer|ImageView
Environment/Spectrograms/Spectrogram/Spectrogram0,DefaultEnvironment,Environment/Spectrograms/Spectrogram,3,Mesh,Default,False,"[12.000,4.000,27.750]","[270.020,0.000,0.000]","[1.000,1.000,1.000]",True,True,False,Transform|MeshFilter|MeshRenderer
Environment/BasicGameHUD/RightPanel/SongProgressCanvas/ProgressText/Progress,DefaultEnvironment,Environment/BasicGameHUD/RightPanel/SongProgressCanvas/ProgressText,5,Empty,UI,False,"[2.935,0.760,6.990]","[0.000,0.000,0.000]","[1.000,1.000,1.000]",True,False,False,RectTransform
Environment/CoreLighting/LightWrapper0,DefaultEnvironment,Environment/CoreLighting,2,Empty,Default,False,"[6.000,5.000,20.000]","[0.000,0.000,0.000]","[1.000,1.000,1.000]",True,False,False,Transform|LightRotationEventEffect
Environment/CoreLighting/LightWrapper1,DefaultEnvironment,Environment/CoreLighting,2,Empty,Default,False,"[-6.000,5.000,20.000]","[0.000,0.000,0.000]","[1.000,1.000,1.000]",True,False,False,Transform|LightRotationEventEffect
Environment/NearBuildingLeft (2)/NeonTube (2)/BoxLight,DefaultEnvironment,Environment/NearBuildingLeft (2)/NeonTube (2),3,Mesh,NeonLight,False,"[-20.000,180.000,19.000]","[0.000,0.000,0.000]","[0.100,150.000,0.100]",False,True,False,Transform|MeshRenderer|MeshFilter|ParametricBoxController
Environment/NearBuildingLeft (1)/NeonTube (2)/BoxLight,DefaultEnvironment,Environment/NearBuildingLeft (1)/NeonTube (2),3,Mesh,NeonLight,False,"[-10.000,177.000,-14.000]","[0.000,0.000,0.000]","[0.100,150.000,0.100]",False,True,False,Transform|MeshRenderer|MeshFilter|ParametricBoxController
Environment/NearBuildingLeft (1)/NeonTube (2),DefaultEnvironment,Environment/NearBuildingLeft (1),2,Empty,NeonLight,False,"[-10.000,27.000,-14.000]","[0.000,0.000,0.000]","[1.000,1.000,1.000]",False,False,False,Transform|TubeBloomPrePassLight|TubeBloomPrePassLightWithId
Environment/NearBuildingLeft (2)/NeonTube (2),DefaultEnvironment,Environment/NearBuildingLeft (2),2,Empty,NeonLight,False,"[-20.000,30.000,19.000]","[0.000,0.000,0.000]","[1.000,1.000,1.000]",True,False,False,Transform|TubeBloomPrePassLight|TubeBloomPrePassLightWithId
Environment/NearBuildingLeft (1)/NeonTube (2)/BakedBloom,DefaultEnvironment,Environment/NearBuildingLeft (1)/NeonTube (2),3,Mesh,NeonLight,False,"[-10.000,27.000,-14.000]","[0.000,90.000,0.000]","[1.000,1.000,1.000]",False,True,False,Transform|MeshRenderer|MeshFilter|Parametric3SliceSpriteController
Environment/NearBuildingLeft (2)/NeonTube (2)/BakedBloom,DefaultEnvironment,Environment/NearBuildingLeft (2)/NeonTube (2),3,Mesh,NeonLight,False,"[-20.000,30.000,19.000]","[0.000,90.000,0.000]","[1.000,1.000,1.000]",True,True,False,Transform|MeshRenderer|MeshFilter|Parametric3SliceSpriteController
Environment/BasicGameHUD/EnergyPanel/FailIcon,DefaultEnvironment,Environment/BasicGameHUD/EnergyPanel,3,Empty,UI,False,"[0.000,-0.650,7.750]","[0.000,0.000,0.000]","[1.000,1.000,1.000]",True,False,False,RectTransform|CanvasRenderer|ImageView
Environment/BasicGameHUD/EnergyPanel/BarBG,DefaultEnvironment,Environment/BasicGameHUD/EnergyPanel,3,Empty,UI,False,"[0.000,-0.640,7.750]","[0.000,0.000,0.000]","[1.000,1.000,1.000]",True,False,False,RectTransform|CanvasRenderer|ImageView
Environment/BasicGameHUD/RightPanel/RecordingPanel,DefaultEnvironment,Environment/BasicGameHUD/RightPanel,3,Empty,DontShowInExternalMRCamera,False,"[3.200,0.230,7.000]","[0.000,0.000,0.000]","[0.010,0.010,0.010]",True,False,False,RectTransform|Canvas|CanvasScaler|RecordingUIController
Environment/NearBuildingRight (1)/NeonTubeDirectional (1)/BoxLight,DefaultEnvironment,Environment/NearBuildingRight (1)/NeonTubeDirectional (1),3,Mesh,NeonLight,False,"[7.450,-5.500,-18.000]","[0.000,180.000,0.000]","[0.100,10.000,0.100]",False,True,False,Transform|MeshRenderer|MeshFilter|ParametricBoxController
Environment/NearBuildingRight (2)/NeonTubeDirectional (1)/BoxLight,DefaultEnvironment,Environment/NearBuildingRight (2)/NeonTubeDirectional (1),3,Mesh,NeonLight,False,"[17.450,-2.500,15.000]","[0.000,180.000,0.000]","[0.100,10.000,0.100]",False,True,False,Transform|MeshRenderer|MeshFilter|ParametricBoxController
Environment/NearBuildingRight (2)/NeonTubeDirectional (1)/BakedBloom,DefaultEnvironment,Environment/NearBuildingRight (2)/NeonTubeDirectional (1),3,Mesh,NeonLight,False,"[17.450,-2.500,15.000]","[0.000,90.000,0.000]","[1.000,1.000,1.000]",False,True,False,Transform|MeshRenderer|MeshFilter|Parametric3SliceSpriteController
Environment/NearBuildingRight (1)/NeonTubeDirectional (1)/BakedBloom,DefaultEnvironment,Environment/NearBuildingRight (1)/NeonTubeDirectional (1),3,Mesh,NeonLight,False,"[7.450,-5.500,-18.000]","[0.000,90.000,0.000]","[1.000,1.000,1.000]",False,True,False,Transform|MeshRenderer|MeshFilter|Parametric3SliceSpriteController
Environment/NearBuildingRight (2)/NeonTubeDirectional (1),DefaultEnvironment,Environment/NearBuildingRight (2),2,Empty,NeonLight,False,"[17.450,-2.500,15.000]","[0.000,180.000,0.000]","[1.000,1.000,1.000]",False,False,False,Transform|TubeBloomPrePassLight|TubeBloomPrePassLightWithId
Environment/NearBuildingRight (1)/NeonTubeDirectional (1),DefaultEnvironment,Environment/NearBuildingRight (1),2,Empty,NeonLight,False,"[7.450,-5.500,-18.000]","[0.000,180.000,0.000]","[1.000,1.000,1.000]",False,False,False,Transform|TubeBloomPrePassLight|TubeBloomPrePassLightWithId
Environment/BasicGameHUD/RightPanel/RecordingPanel/RecordingText,DefaultEnvironment,Environment/BasicGameHUD/RightPanel/RecordingPanel,4,Empty,DontShowInExternalMRCamera,False,"[3.292,0.216,7.000]","[0.000,0.000,0.000]","[0.700,1.000,1.000]",True,False,False,RectTransform|CanvasRenderer|CurvedTextMeshPro
Environment/NearBuildingLeft (2)/NeonTubeDirectional/BoxLight,DefaultEnvironment,Environment/NearBuildingLeft (2)/NeonTubeDirectional,3,Mesh,NeonLight,False,"[-17.450,0.000,19.000]","[0.000,0.000,0.000]","[0.100,10.000,0.100]",True,True,False,Transform|MeshRenderer|MeshFilter|ParametricBoxController
Environment/NearBuildingLeft (1)/NeonTubeDirectional/BoxLight,DefaultEnvironment,Environment/NearBuildingLeft (1)/NeonTubeDirectional,3,Mesh,NeonLight,False,"[-7.450,-3.000,-14.000]","[0.000,0.000,0.000]","[0.100,10.000,0.100]",False,True,False,Transform|MeshRenderer|MeshFilter|ParametricBoxController
Environment/NearBuildingLeft (1)/NeonTubeDirectional,DefaultEnvironment,Environment/NearBuildingLeft (1),2,Empty,NeonLight,False,"[-7.450,-3.000,-14.000]","[0.000,0.000,0.000]","[1.000,1.000,1.000]",False,False,False,Transform|TubeBloomPrePassLight|TubeBloomPrePassLightWithId
Environment/NearBuildingLeft (2)/NeonTubeDirectional,DefaultEnvironment,Environment/NearBuildingLeft (2),2,Empty,NeonLight,False,"[-17.450,0.000,19.000]","[0.000,0.000,0.000]","[1.000,1.000,1.000]",True,False,False,Transform|TubeBloomPrePassLight|TubeBloomPrePassLightWithId
Environment/NearBuildingLeft (1)/NeonTubeDirectional/BakedBloom,DefaultEnvironment,Environment/NearBuildingLeft (1)/NeonTubeDirectional,3,Mesh,NeonLight,False,"[-7.450,-3.000,-14.000]","[0.000,270.000,0.000]","[1.000,1.000,1.000]",False,True,False,Transform|MeshRenderer|MeshFilter|Parametric3SliceSpriteController
Environment/NearBuildingLeft (2)/NeonTubeDirectional/BakedBloom,DefaultEnvironment,Environment/NearBuildingLeft (2)/NeonTubeDirectional,3,Mesh,NeonLight,False,"[-17.450,0.000,19.000]","[0.000,270.000,0.000]","[1.000,1.000,1.000]",True,True,False,Transform|MeshRenderer|MeshFilter|Parametric3SliceSpriteController
Environment/PlayersPlace/Collider,DefaultEnvironment,Environment/PlayersPlace,2,Empty,PlayersPlace,False,"[0.000,-0.090,0.000]","[0.000,0.000,0.000]","[1.000,1.000,1.000]",False,False,True,Transform|BoxCollider
Environment/LightmapLightWithIds,DefaultEnvironment,Environment,1,Empty,Environment,False,"[0.000,0.000,0.000]","[0.000,0.000,0.000]","[1.000,1.000,1.000]",False,False,False,Transform|LightmapLightsWithIds
Environment/BakedReflectionProbe,DefaultEnvironment,Environment,1,Empty,Default,False,"[0.000,1.500,5.000]","[0.000,0.000,0.000]","[1.000,1.000,1.000]",True,False,False,Transform|BakedReflectionProbe
Environment/NearBuildingRight (1)/NeonTube (2),DefaultEnvironment,Environment/NearBuildingRight (1),2,Empty,NeonLight,False,"[10.000,27.000,-14.000]","[0.000,0.000,0.000]","[1.000,1.000,1.000]",False,False,False,Transform|TubeBloomPrePassLight|TubeBloomPrePassLightWithId
Environment/NearBuildingRight (2)/NeonTube (2),DefaultEnvironment,Environment/NearBuildingRight (2),2,Empty,NeonLight,False,"[20.000,30.000,19.000]","[0.000,0.000,0.000]","[1.000,1.000,1.000]",False,False,False,Transform|TubeBloomPrePassLight|TubeBloomPrePassLightWithId
Environment/NearBuildingRight (1)/NeonTube (2)/BakedBloom,DefaultEnvironment,Environment/NearBuildingRight (1)/NeonTube (2),3,Mesh,NeonLight,False,"[10.000,27.000,-14.000]","[0.000,90.000,0.000]","[1.000,1.000,1.000]",False,True,False,Transform|MeshRenderer|MeshFilter|Parametric3SliceSpriteController
Environment/NearBuildingRight (2)/NeonTube (2)/BakedBloom,DefaultEnvironment,Environment/NearBuildingRight (2)/NeonTube (2),3,Mesh,NeonLight,False,"[20.000,30.000,19.000]","[0.000,90.000,0.000]","[1.000,1.000,1.000]",False,True,False,Transform|MeshRenderer|MeshFilter|Parametric3SliceSpriteController
Environment/NearBuildingRight (2)/NeonTube (2)/BoxLight,DefaultEnvironment,Environment/NearBuildingRight (2)/NeonTube (2),3,Mesh,NeonLight,False,"[20.000,180.000,19.000]","[0.000,0.000,0.000]","[0.100,150.000,0.100]",False,True,False,Transform|MeshRenderer|MeshFilter|ParametricBoxController
Environment/NearBuildingRight (1)/NeonTube (2)/BoxLight,DefaultEnvironment,Environment/NearBuildingRight (1)/NeonTube (2),3,Mesh,NeonLight,False,"[10.000,177.000,-14.000]","[0.000,0.000,0.000]","[0.100,150.000,0.100]",False,True,False,Transform|MeshRenderer|MeshFilter|ParametricBoxController
Environment/BasicGameHUD/RightPanel/SongProgressCanvas/Slider/Handle Slide Area,DefaultEnvironment,Environment/BasicGameHUD/RightPanel/SongProgressCanvas/Slider,5,Empty,UI,False,"[3.200,0.940,6.990]","[0.000,0.000,0.000]","[1.000,1.000,1.000]",True,False,False,RectTransform
Environment/BasicGameHUD/RightPanel/SongProgressCanvas/ProgressText/Progress/ProgressSeconds,DefaultEnvironment,Environment/BasicGameHUD/RightPanel/SongProgressCanvas/ProgressText/Progress,6,Empty,UI,False,"[3.050,0.620,6.990]","[0.000,0.000,0.000]","[1.000,1.000,1.000]",True,False,False,RectTransform|CanvasRenderer|CurvedTextMeshPro
Environment/BasicGameHUD/RightPanel/SongProgressCanvas/Slider/Background,DefaultEnvironment,Environment/BasicGameHUD/RightPanel/SongProgressCanvas/Slider,5,Empty,UI,False,"[3.200,0.940,6.990]","[0.000,0.000,0.000]","[1.000,1.000,1.000]",True,False,False,RectTransform|CanvasRenderer|ImageView
Environment/BasicGameHUD/RightPanel/SongProgressCanvas/Progress,DefaultEnvironment,Environment/BasicGameHUD/RightPanel/SongProgressCanvas,4,Empty,UI,False,"[2.700,0.970,6.990]","[0.000,0.000,0.000]","[1.000,1.000,1.000]",True,False,False,RectTransform|CanvasRenderer|ImageView
Environment/BasicGameHUD/RightPanel/SongProgressCanvas/Slider,DefaultEnvironment,Environment/BasicGameHUD/RightPanel/SongProgressCanvas,4,Empty,UI,False,"[3.200,0.980,6.990]","[0.000,0.000,0.000]","[1.000,1.000,1.000]",True,False,False,RectTransform|Canvas|Slider
Environment/BasicGameHUD/RightPanel/SongProgressCanvas/ProgressText/Duration/DurationMinutes,DefaultEnvironment,Environment/BasicGameHUD/RightPanel/SongProgressCanvas/ProgressText/Duration,6,Empty,UI,False,"[3.280,0.620,6.990]","[0.000,0.000,0.000]","[1.000,1.000,1.000]",True,False,False,RectTransform|CanvasRenderer|CurvedTextMeshPro
Environment/BasicGameHUD/RightPanel/SongProgressCanvas,DefaultEnvironment,Environment/BasicGameHUD/RightPanel,3,Empty,UI,False,"[3.200,0.800,6.990]","[0.000,0.000,0.000]","[0.020,0.020,0.020]",True,False,False,RectTransform|SongProgressUIController|Canvas|CanvasScaler
Environment/BasicGameHUD/RightPanel/SongProgressCanvas/ProgressText/Duration/DurationSeconds,DefaultEnvironment,Environment/BasicGameHUD/RightPanel/SongProgressCanvas/ProgressText/Duration,6,Empty,UI,False,"[3.560,0.620,6.990]","[0.000,0.000,0.000]","[1.000,1.000,1.000]",True,False,False,RectTransform|CanvasRenderer|CurvedTextMeshPro
Environment/BasicGameHUD/RightPanel/SongProgressCanvas/Slider/Handle Slide Area/Handle,DefaultEnvironment,Environment/BasicGameHUD/RightPanel/SongProgressCanvas/Slider/Handle Slide Area,6,Empty,UI,False,"[2.700,0.900,6.990]","[0.000,0.000,0.000]","[1.000,1.000,1.000]",True,False,False,RectTransform|CanvasRenderer|ImageView
Environment/BasicGameHUD/RightPanel/SongProgressCanvas/ProgressText/Progress/ProgressMinutes,DefaultEnvironment,Environment/BasicGameHUD/RightPanel/SongProgressCanvas/ProgressText/Progress,6,Empty,UI,False,"[2.764,0.620,6.990]","[0.000,0.000,0.000]","[1.000,1.000,1.000]",True,False,False,RectTransform|CanvasRenderer|CurvedTextMeshPro
Environment/BasicGameHUD/LeftPanel/ComboPanel/Line1,DefaultEnvironment,Environment/BasicGameHUD/LeftPanel/ComboPanel,4,Empty,UI,False,"[-3.200,1.480,7.000]","[0.000,0.000,0.000]","[1.000,1.000,1.000]",True,False,False,RectTransform|CanvasRenderer|ImageView
Environment/NeonTubeL,DefaultEnvironment,Environment,1,Empty,NeonLight,False,"[-4.250,-0.100,8.300]","[90.000,0.000,0.000]","[1.000,1.000,1.000]",True,False,False,Transform|TubeBloomPrePassLight|TubeBloomPrePassLightWithId
Environment/NeonTubeR,DefaultEnvironment,Environment,1,Empty,NeonLight,False,"[4.250,-0.100,8.300]","[90.000,0.000,0.000]","[1.000,1.000,1.000]",True,False,False,Transform|TubeBloomPrePassLight|TubeBloomPrePassLightWithId
Environment/NeonTubeL/BakedBloom,DefaultEnvironment,Environment/NeonTubeL,2,Mesh,NeonLight,False,"[-4.250,-0.100,8.300]","[0.000,90.000,90.000]","[1.000,1.000,1.000]",True,True,False,Transform|MeshRenderer|MeshFilter|Parametric3SliceSpriteController
Environment/NeonTubeR/BakedBloom,DefaultEnvironment,Environment/NeonTubeR,2,Mesh,NeonLight,False,"[4.250,-0.100,8.300]","[0.000,90.000,90.000]","[1.000,1.000,1.000]",True,True,False,Transform|MeshRenderer|MeshFilter|Parametric3SliceSpriteController
Environment/NeonTubeR/BoxLight,DefaultEnvironment,Environment/NeonTubeR,2,Mesh,NeonLight,False,"[4.250,-0.100,258.300]","[90.000,0.000,0.000]","[0.020,250.000,0.020]",True,True,False,Transform|MeshRenderer|MeshFilter|ParametricBoxController
Environment/NeonTubeL/BoxLight,DefaultEnvironment,Environment/NeonTubeL,2,Mesh,NeonLight,False,"[-4.250,-0.100,258.300]","[90.000,0.000,0.000]","[0.020,250.000,0.020]",True,True,False,Transform|MeshRenderer|MeshFilter|ParametricBoxController
Environment/FakeMirrorSettings,DefaultEnvironment,Environment,1,Empty,Default,False,"[0.000,0.000,0.000]","[0.000,0.000,0.000]","[1.000,1.000,1.000]",False,False,False,Transform|FakeMirrorSettings
Environment/BasicGameHUD/EnergyPanel/EnergyBarWrapper,DefaultEnvironment,Environment/BasicGameHUD/EnergyPanel,3,Empty,UI,False,"[0.000,-0.640,7.750]","[0.000,0.000,0.000]","[1.000,1.000,1.000]",True,False,False,RectTransform
Environment/FrontLights/NeonTube (1)/BoxLight,DefaultEnvironment,Environment/FrontLights/NeonTube (1),3,Mesh,NeonLight,False,"[-0.974,3.933,65.000]","[0.000,0.000,305.000]","[0.100,1.250,0.100]",True,True,False,Transform|MeshRenderer|MeshFilter|ParametricBoxController
Environment/FrontLights/NeonTube (1)/BakedBloom,DefaultEnvironment,Environment/FrontLights/NeonTube (1),3,Mesh,NeonLight,False,"[0.050,4.650,65.000]","[55.000,90.000,0.000]","[1.000,1.000,1.000]",True,True,False,Transform|MeshRenderer|MeshFilter|Parametric3SliceSpriteController
Environment/FrontLights/NeonTube (1),DefaultEnvironment,Environment/FrontLights,2,Empty,NeonLight,False,"[0.050,4.650,65.000]","[0.000,0.000,305.000]","[1.000,1.000,1.000]",True,False,False,Transform|TubeBloomPrePassLight|TubeBloomPrePassLightWithId
Environment/Spectrograms/Spectrogram/Spectrogram1,DefaultEnvironment,Environment/Spectrograms/Spectrogram,3,Mesh,Default,False,"[-12.000,4.000,30.000]","[270.020,0.000,0.000]","[1.000,1.000,1.000]",True,True,False,Transform|MeshFilter|MeshRenderer
Environment/RotatingLasersPair (1)/BaseR/Laser,DefaultEnvironment,Environment/RotatingLasersPair (1)/BaseR,3,Empty,NeonLight,False,"[7.000,2.000,45.000]","[0.000,0.000,55.000]","[1.000,1.000,1.000]",True,False,False,Transform|TubeBloomPrePassLight|TubeBloomPrePassLightWithId
Environment/RotatingLasersPair (2)/BaseR/Laser,DefaultEnvironment,Environment/RotatingLasersPair (2)/BaseR,3,Empty,NeonLight,False,"[7.000,2.000,40.000]","[0.000,0.000,55.000]","[1.000,1.000,1.000]",True,False,False,Transform|TubeBloomPrePassLight|TubeBloomPrePassLightWithId
Environment/RotatingLasersPair (3)/BaseR/Laser,DefaultEnvironment,Environment/RotatingLasersPair (3)/BaseR,3,Empty,NeonLight,False,"[7.000,2.000,35.000]","[0.000,0.000,55.000]","[1.000,1.000,1.000]",True,False,False,Transform|TubeBloomPrePassLight|TubeBloomPrePassLightWithId
Environment/RotatingLasersPair (1)/BaseR/Laser/BakedBloom,DefaultEnvironment,Environment/RotatingLasersPair (1)/BaseR/Laser,4,Mesh,NeonLight,False,"[7.000,2.000,45.000]","[305.000,90.000,0.000]","[1.000,1.000,1.000]",True,True,False,Transform|MeshRenderer|MeshFilter|Parametric3SliceSpriteController
Environment/RotatingLasersPair (2)/BaseR/Laser/BakedBloom,DefaultEnvironment,Environment/RotatingLasersPair (2)/BaseR/Laser,4,Mesh,NeonLight,False,"[7.000,2.000,40.000]","[305.000,90.000,0.000]","[1.000,1.000,1.000]",True,True,False,Transform|MeshRenderer|MeshFilter|Parametric3SliceSpriteController
Environment/RotatingLasersPair (3)/BaseR/Laser/BakedBloom,DefaultEnvironment,Environment/RotatingLasersPair (3)/BaseR/Laser,4,Mesh,NeonLight,False,"[7.000,2.000,35.000]","[305.000,90.000,0.000]","[1.000,1.000,1.000]",True,True,False,Transform|MeshRenderer|MeshFilter|Parametric3SliceSpriteController
Environment/RotatingLasersPair (3)/BaseR/Laser/BoxLight,DefaultEnvironment,Environment/RotatingLasersPair (3)/BaseR/Laser,4,Mesh,NeonLight,False,"[-189.597,139.658,35.000]","[0.000,0.000,55.000]","[0.050,250.000,0.050]",False,True,False,Transform|MeshRenderer|MeshFilter|ParametricBoxController
Environment/RotatingLasersPair (2)/BaseR/Laser/BoxLight,DefaultEnvironment,Environment/RotatingLasersPair (2)/BaseR/Laser,4,Mesh,NeonLight,False,"[-189.597,139.658,40.000]","[0.000,0.000,55.000]","[0.050,250.000,0.050]",False,True,False,Transform|MeshRenderer|MeshFilter|ParametricBoxController
Environment/RotatingLasersPair (1)/BaseR/Laser/BoxLight,DefaultEnvironment,Environment/RotatingLasersPair (1)/BaseR/Laser,4,Mesh,NeonLight,False,"[-189.597,139.658,45.000]","[0.000,0.000,55.000]","[0.050,250.000,0.050]",False,True,False,Transform|MeshRenderer|MeshFilter|ParametricBoxController
Environment/RotatingLasersPair (3)/BaseL/Laser/BoxLight,DefaultEnvironment,Environment/RotatingLasersPair (3)/BaseL/Laser,4,Mesh,NeonLight,False,"[189.597,139.658,35.000]","[0.000,0.000,305.000]","[0.050,250.000,0.050]",False,True,False,Transform|MeshRenderer|MeshFilter|ParametricBoxController
Environment/RotatingLasersPair (1)/BaseL/Laser/BoxLight,DefaultEnvironment,Environment/RotatingLasersPair (1)/BaseL/Laser,4,Mesh,NeonLight,False,"[189.597,139.658,45.000]","[0.000,0.000,305.000]","[0.050,250.000,0.050]",False,True,False,Transform|MeshRenderer|MeshFilter|ParametricBoxController
Environment/RotatingLasersPair (2)/BaseL/Laser/BoxLight,DefaultEnvironment,Environment/RotatingLasersPair (2)/BaseL/Laser,4,Mesh,NeonLight,False,"[189.597,139.658,40.000]","[0.000,0.000,305.000]","[0.050,250.000,0.050]",False,True,False,Transform|MeshRenderer|MeshFilter|ParametricBoxController
Environment/RotatingLasersPair (2)/BaseL/Laser,DefaultEnvironment,Environment/RotatingLasersPair (2)/BaseL,3,Empty,NeonLight,False,"[-7.000,2.000,40.000]","[0.000,0.000,305.000]","[1.000,1.000,1.000]",True,False,False,Transform|TubeBloomPrePassLight|TubeBloomPrePassLightWithId
Environment/RotatingLasersPair (1)/BaseL/Laser,DefaultEnvironment,Environment/RotatingLasersPair (1)/BaseL,3,Empty,NeonLight,False,"[-7.000,2.000,45.000]","[0.000,0.000,305.000]","[1.000,1.000,1.000]",True,False,False,Transform|TubeBloomPrePassLight|TubeBloomPrePassLightWithId
Environment/RotatingLasersPair (3)/BaseL/Laser,DefaultEnvironment,Environment/RotatingLasersPair (3)/BaseL,3,Empty,NeonLight,False,"[-7.000,2.000,35.000]","[0.000,0.000,305.000]","[1.000,1.000,1.000]",True,False,False,Transform|TubeBloomPrePassLight|TubeBloomPrePassLightWithId
Environment/RotatingLasersPair (2)/BaseL/Laser/BakedBloom,DefaultEnvironment,Environment/RotatingLasersPair (2)/BaseL/Laser,4,Mesh,NeonLight,False,"[-7.000,2.000,40.000]","[55.000,90.000,0.000]","[1.000,1.000,1.000]",True,True,False,Transform|MeshRenderer|MeshFilter|Parametric3SliceSpriteController
Environment/RotatingLasersPair (1)/BaseL/Laser/BakedBloom,DefaultEnvironment,Environment/RotatingLasersPair (1)/BaseL/Laser,4,Mesh,NeonLight,False,"[-7.000,2.000,45.000]","[55.000,90.000,0.000]","[1.000,1.000,1.000]",True,True,False,Transform|MeshRenderer|MeshFilter|Parametric3SliceSpriteController
Environment/RotatingLasersPair (3)/BaseL/Laser/BakedBloom,DefaultEnvironment,Environment/RotatingLasersPair (3)/BaseL/Laser,4,Mesh,NeonLight,False,"[-7.000,2.000,35.000]","[55.000,90.000,0.000]","[1.000,1.000,1.000]",True,True,False,Transform|MeshRenderer|MeshFilter|Parametric3SliceSpriteController
Environment/FrontLights/NeonTube/BakedBloom,DefaultEnvironment,Environment/FrontLights/NeonTube,3,Mesh,NeonLight,False,"[-0.050,4.650,65.000]","[305.000,90.000,0.000]","[1.000,1.000,1.000]",True,True,False,Transform|MeshRenderer|MeshFilter|Parametric3SliceSpriteController
Environment/FrontLights/NeonTube,DefaultEnvironment,Environment/FrontLights,2,Empty,NeonLight,False,"[-0.050,4.650,65.000]","[0.000,0.000,55.000]","[1.000,1.000,1.000]",True,False,False,Transform|TubeBloomPrePassLight|TubeBloomPrePassLightWithId
Environment/FrontLights/NeonTube/BoxLight,DefaultEnvironment,Environment/FrontLights/NeonTube,3,Mesh,NeonLight,False,"[0.974,3.933,65.000]","[0.000,0.000,55.000]","[0.100,1.250,0.100]",True,True,False,Transform|MeshRenderer|MeshFilter|ParametricBoxController
Environment/CoreLighting/LightWrapper0/DirectionalLight,DefaultEnvironment,Environment/CoreLighting/LightWrapper0,3,Empty,Default,False,"[6.000,5.000,20.000]","[4.000,215.000,180.000]","[1.000,1.000,1.000]",True,False,False,Transform|DirectionalLight|DirectionalLightWithIds
Environment/CoreLighting/LightWrapper1/DirectionalLight,DefaultEnvironment,Environment/CoreLighting/LightWrapper1,3,Empty,Default,False,"[-6.000,5.000,20.000]","[4.000,145.000,180.000]","[1.000,1.000,1.000]",True,False,False,Transform|DirectionalLight|DirectionalLightWithIds
Environment/RotatingLasersPair (2),DefaultEnvironment,Environment,1,Empty,NeonLight,False,"[0.000,2.000,40.000]","[0.000,0.000,0.000]","[1.000,1.000,1.000]",True,False,False,Transform|LightPairRotationEventEffect
Environment/RotatingLasersPair (1),DefaultEnvironment,Environment,1,Empty,NeonLight,False,"[0.000,2.000,45.000]","[0.000,0.000,0.000]","[1.000,1.000,1.000]",True,False,False,Transform|LightPairRotationEventEffect
Environment/RotatingLasersPair (3),DefaultEnvironment,Environment,1,Empty,NeonLight,False,"[0.000,2.000,35.000]","[0.000,0.000,0.000]","[1.000,1.000,1.000]",True,False,False,Transform|LightPairRotationEventEffect
Environment/RotatingLasersPair (1)/BaseL,DefaultEnvironment,Environment/RotatingLasersPair (1),2,Empty,NeonLight,False,"[-7.000,2.000,45.000]","[0.000,0.000,0.000]","[1.000,1.000,1.000]",True,False,False,Transform
Environment/RotatingLasersPair (2)/BaseL,DefaultEnvironment,Environment/RotatingLasersPair (2),2,Empty,NeonLight,False,"[-7.000,2.000,40.000]","[0.000,0.000,0.000]","[1.000,1.000,1.000]",True,False,False,Transform
Environment/RotatingLasersPair (3)/BaseL,DefaultEnvironment,Environment/RotatingLasersPair (3),2,Empty,NeonLight,False,"[-7.000,2.000,35.000]","[0.000,0.000,0.000]","[1.000,1.000,1.000]",True,False,False,Transform
Environment/RotatingLasersPair (3)/BaseR,DefaultEnvironment,Environment/RotatingLasersPair (3),2,Empty,NeonLight,False,"[7.000,2.000,35.000]","[0.000,0.000,0.000]","[1.000,1.000,1.000]",True,False,False,Transform
Environment/RotatingLasersPair (2)/BaseR,DefaultEnvironment,Environment/RotatingLasersPair (2),2,Empty,NeonLight,False,"[7.000,2.000,40.000]","[0.000,0.000,0.000]","[1.000,1.000,1.000]",True,False,False,Transform
Environment/RotatingLasersPair (1)/BaseR,DefaultEnvironment,Environment/RotatingLasersPair (1),2,Empty,NeonLight,False,"[7.000,2.000,45.000]","[0.000,0.000,0.000]","[1.000,1.000,1.000]",True,False,False,Transform
Environment/NearBuildingRight (2)/NeonTubeDirectional/BoxLight,DefaultEnvironment,Environment/NearBuildingRight (2)/NeonTubeDirectional,3,Mesh,NeonLight,False,"[17.450,0.000,19.000]","[0.000,180.000,0.000]","[0.100,10.000,0.100]",True,True,False,Transform|MeshRenderer|MeshFilter|ParametricBoxController
Environment/NearBuildingRight (1)/NeonTubeDirectional/BoxLight,DefaultEnvironment,Environment/NearBuildingRight (1)/NeonTubeDirectional,3,Mesh,NeonLight,False,"[7.450,-3.000,-14.000]","[0.000,180.000,0.000]","[0.100,10.000,0.100]",False,True,False,Transform|MeshRenderer|MeshFilter|ParametricBoxController
Environment/NearBuildingRight (1)/NeonTubeDirectional,DefaultEnvironment,Environment/NearBuildingRight (1),2,Empty,NeonLight,False,"[7.450,-3.000,-14.000]","[0.000,180.000,0.000]","[1.000,1.000,1.000]",False,False,False,Transform|TubeBloomPrePassLight|TubeBloomPrePassLightWithId
Environment/NearBuildingRight (2)/NeonTubeDirectional,DefaultEnvironment,Environment/NearBuildingRight (2),2,Empty,NeonLight,False,"[17.450,0.000,19.000]","[0.000,180.000,0.000]","[1.000,1.000,1.000]",True,False,False,Transform|TubeBloomPrePassLight|TubeBloomPrePassLightWithId
Environment/NearBuildingRight (1)/NeonTubeDirectional/BakedBloom,DefaultEnvironment,Environment/NearBuildingRight (1)/NeonTubeDirectional,3,Mesh,NeonLight,False,"[7.450,-3.000,-14.000]","[0.000,90.000,0.000]","[1.000,1.000,1.000]",False,True,False,Transform|MeshRenderer|MeshFilter|Parametric3SliceSpriteController
Environment/NearBuildingRight (2)/NeonTubeDirectional/BakedBloom,DefaultEnvironment,Environment/NearBuildingRight (2)/NeonTubeDirectional,3,Mesh,NeonLight,False,"[17.450,0.000,19.000]","[0.000,90.000,0.000]","[1.000,1.000,1.000]",True,True,False,Transform|MeshRenderer|MeshFilter|Parametric3SliceSpriteController
Environment/BasicGameHUD/RightPanel/SongProgressCanvas/ProgressText/Duration,DefaultEnvironment,Environment/BasicGameHUD/RightPanel/SongProgressCanvas/ProgressText,5,Empty,UI,False,"[3.180,0.760,6.990]","[0.000,0.000,0.000]","[1.000,1.000,1.000]",True,False,False,RectTransform
