ObjectName (Name of the Object),ObjectCategory (Potential Object Type),StartFrame (Frame where the object first appears),EndFrame (Frame where the object last appears),"StartPosition [x,y,z] at first valid position","EndPosition [x,y,z] at last valid position","PathLength (Sum of all displacements, added stepwise with abs value)",NetDisplacement (Vector value of end position - start position),AvgSpeed (Mean step speed over valid steps),VisibilityRatio (Percentage of frames where the object is visible),"SizeChange (Change in perceived size of the object, can be due to camera movement)",RelativeSize (Compared to other objects in the game),"MotionPhases (Symbolic phase sequence, e.g. STILL_LOW;ASCEND_MID)",DistBand (Categorical range of total distance covered: none/short/medium/long),SpeedBand (Categorical range of average movement speed: none/slow/medium/fast),VertBand (Categorical range of vertical displacement: none/flat/moderate/large),"PathSummary (Short, deterministic natural-language description)"
zoneRANCH/cellRanch_Home/Sector/Solid FIller/moundSand02b,Mesh,4,8,"[72.9,12.22,-80.84]","[149.84,25.98,-163.65]",455.4838710646075,113.87096776615188,113.87096776615188,1.0,stable,huge,HORIZ_HIGH,long,fast,large,Overall: moves quickly over a long distance with large vertical variation. Phases: moves across the scene in a high region.
zoneRANCH/cellRanch_PassageLab/Sector/Cliffs/cliffBase01,Mesh,4,8,"[113.22,26.14,-199.3]","[217.64,36.28,-214.46]",424.0034264012497,106.00085660031243,106.00085660031243,1.0,stable,huge,HORIZ_HIGH,long,fast,large,Overall: moves quickly over a long distance with large vertical variation. Phases: moves across the scene in a high region.
zoneRANCH/cellRanch_Home/Sector/Rocks/rockReefTall01 (1),Mesh,4,8,"[90.01,12.66,-78.67]","[118.98,14.47,-178.14]",414.4744701426132,103.6186175356533,103.6186175356533,1.0,stable,huge,HORIZ_MID,long,fast,moderate,Overall: moves quickly over a long distance with moderate vertical variation. Phases: moves across the scene in a mid-height region.
zoneRANCH/cellRanch_Home/Sector/Cliffs/cliffBase01B,Mesh,4,8,"[108.17,27.4,-78.91]","[43.23,29.49,-155.73]",402.4501777860211,100.61254444650527,100.61254444650527,1.0,stable,huge,HORIZ_HIGH,long,fast,moderate,Overall: moves quickly over a long distance with moderate vertical variation. Phases: moves across the scene in a high region.
zoneRANCH/cellRanch_PassageLab/Sector/Solid Filler/moundSand01,Mesh,4,8,"[222.42,18.11,-216.24]","[135.7,14.48,-201.14]",352.3985312114681,88.09963280286702,88.09963280286702,1.0,stable,huge,HORIZ_HIGH,long,fast,moderate,Overall: moves quickly over a long distance with moderate vertical variation. Phases: moves across the scene in a high region.
zoneRANCH/cellRanch_PassageLab/Sector/Solid Filler/moundSand01/Rocks,Mesh,4,8,"[222.42,18.11,-216.24]","[135.7,14.48,-201.14]",352.3985312114681,88.09963280286702,88.09963280286702,1.0,stable,huge,HORIZ_HIGH,long,fast,moderate,Overall: moves quickly over a long distance with moderate vertical variation. Phases: moves across the scene in a high region.
zoneRANCH/cellRanch_PassageLab/Sector/Mountains/mtnBluffReef01 (1)/mountaintop,Mesh,4,8,"[107.42,24.879,-196.76]","[191.921,41.42,-187.768]",346.2918941240178,86.57297353100445,86.57297353100445,1.0,stable,huge,HORIZ_HIGH,long,fast,large,Overall: moves quickly over a long distance with large vertical variation. Phases: moves across the scene in a high region.
zoneRANCH/cellRanch_Home/Sector/Trees/treeReef02/treeTrunk01,Mesh,4,8,"[71.07,14.211,-171.52]","[50.917,13.063,-92.135]",327.6446743165529,81.91116857913822,81.91116857913822,1.0,stable,huge,HORIZ_MID,long,fast,large,Overall: moves quickly over a long distance with large vertical variation. Phases: moves across the scene in a mid-height region.
zoneRANCH/cellRanch_Home/Sector/Trees/treeReef02/treeLeaves01,Mesh,4,8,"[70.385,29.219,-171.471]","[49.864,24.016,-93.527]",323.07150381301045,80.76787595325261,80.76787595325261,1.0,stable,huge,HORIZ_HIGH,long,fast,large,Overall: moves quickly over a long distance with large vertical variation. Phases: moves across the scene in a high region.
zoneRANCH/cellRanch_Grotto/Sector/Mountains/mtnBluffQuar02/mountaintop,Mesh,4,8,"[316.11,34.07,-122.59]","[285.3,1.343,-63.8]",296.01558685988147,74.00389671497037,74.00389671497037,1.0,stable,huge,HORIZ_HIGH,long,fast,large,Overall: moves quickly over a long distance with large vertical variation. Phases: moves across the scene in a high region.
zoneRANCH/cellRanch_Home/Sector/Rocks/rockReefTall01 (2),Mesh,4,8,"[52.06,14.29,-144.17]","[88.87,12.25,-80.64]",293.8080625170112,73.4520156292528,73.4520156292528,1.0,stable,huge,HORIZ_MID,long,fast,moderate,Overall: moves quickly over a long distance with moderate vertical variation. Phases: moves across the scene in a mid-height region.
HUD Root/HudUI/UIContainer/RadarPanel/TutorialMarkerImage(Clone),Empty,7,8,"[1683.219,946.116,0.0]","[-89.265,1133.675,0.0]",1782.3798441233005,1782.3798441233005,1782.3798441233005,0.0,unknown,unknown,HORIZ_HIGH,long,fast,large,Overall: moves quickly over a long distance with large vertical variation. Phases: moves across the scene in a high region.
zoneRANCH/cellRanch_Home/Sector/Grass/grassThinColony02,Mesh,4,8,"[103.93,12.18,-90.7]","[69.078,14.5,-167.562]",337.70546570643484,84.42636642660871,84.42636642660871,1.0,stable,large,HORIZ_MID,long,fast,moderate,Overall: moves quickly over a long distance with moderate vertical variation. Phases: moves across the scene in a mid-height region.
zoneRANCH/cellRanch_Home/Sector/Rocks/rockReefTall01 (3),Mesh,4,8,"[54.64,10.69,-127.26]","[88.6,14.35,-76.63]",244.2973303169726,61.07433257924315,61.07433257924315,1.0,stable,huge,HORIZ_MID,long,fast,moderate,Overall: moves quickly over a long distance with moderate vertical variation. Phases: moves across the scene in a mid-height region.
zoneRANCH/cellRanch_PassageLab/Sector/Rocks/rockReefBoxy01,Mesh,4,8,"[134.65,14.548,-220.81]","[236.457,18.725,-205.837]",411.94763370117806,102.98690842529452,102.98690842529452,1.0,stable,medium,HORIZ_HIGH,long,fast,moderate,Overall: moves quickly over a long distance with moderate vertical variation. Phases: moves across the scene in a high region.
zoneRANCH/cellRanch_Home/Sector/Rocks/rockReefTall01,Mesh,4,8,"[87.05,12.25,-133.05]","[118.701,14.47,-180.061]",226.86553980717298,56.716384951793245,56.716384951793245,1.0,stable,huge,HORIZ_MID,long,fast,moderate,Overall: moves quickly over a long distance with moderate vertical variation. Phases: moves across the scene in a mid-height region.
zoneRANCH/cellRanch_Grotto/Sector/Rocks/rockReefFlat01,Mesh,4,8,"[317.793,0.825,-87.063]","[235.417,8.197,-124.403]",362.97498227839344,90.74374556959836,90.74374556959836,1.0,stable,medium,HORIZ_LOW,long,fast,large,Overall: moves quickly over a long distance with large vertical variation. Phases: moves across the scene in a low region.
zoneRANCH/cellRanch_Home/Sector/Solid FIller/moundSand04b,Mesh,4,8,"[90.56,12.22,-94.93]","[118.867,14.4,-179.771]",357.86106644897814,89.46526661224453,89.46526661224453,1.0,stable,medium,HORIZ_MID,long,fast,moderate,Overall: moves quickly over a long distance with moderate vertical variation. Phases: moves across the scene in a mid-height region.
zoneRANCH/cellRanch_PassageLab/Sector/Rocks/rockReefFlat01,Mesh,4,8,"[133.8,14.548,-218.65]","[235.71,18.111,-204.44]",411.83039555622895,102.95759888905724,102.95759888905724,1.0,stable,small,HORIZ_HIGH,long,fast,moderate,Overall: moves quickly over a long distance with moderate vertical variation. Phases: moves across the scene in a high region.
zoneRANCH/cellRanch_Overgrowth/Sector/Grass/grassThinColony01,Mesh,4,8,"[-72.31,12.25,-122.32]","[-51.319,13.877,-225.85]",316.9472684690625,105.64908948968751,88.04090790807292,1.0,stable,medium,HORIZ_MID,long,fast,moderate,Overall: moves quickly over a long distance with moderate vertical variation. Phases: moves across the scene in a mid-height region.
zoneREEF/cellReef_Intro/Sector/Cliffs/wallCapsule07 (2),Mesh,4,8,"[29.1,8.02,19.04]","[66.711,8.24,-4.851]",178.23201068270535,44.55800267067634,44.55800267067634,1.0,stable,huge,HORIZ_LOW,long,fast,flat,Overall: moves quickly over a long distance with almost no vertical change. Phases: moves across the scene in a low region.
zoneREEF/cellReef_CliffCaves/Sector/Solid Filler/areaCrag02/areaCragChunk03,Mesh,6,8,"[110.787,13.509,20.926]","[182.15,24.22,56.765]",161.14387622246153,80.57193811123076,80.57193811123076,1.0,stable,huge,HORIZ_HIGH,long,fast,large,Overall: moves quickly over a long distance with large vertical variation. Phases: moves across the scene in a high region.
zoneREEF/cellReef_CliffCaves/Sector/Solid Filler/areaCrag02/colCapsule,Empty,6,8,"[111.993,-30.842,21.546]","[180.633,-14.429,56.998]",157.95797508198189,78.97898754099094,78.97898754099094,1.0,stable,huge,HORIZ_LOW,long,fast,large,Overall: moves quickly over a long distance with large vertical variation. Phases: moves across the scene in a low region.
zoneREEF/cellReef_CliffCaves/Sector/Solid Filler/areaCrag02/areaCragChunk01,Mesh,6,8,"[111.87,15.69,21.63]","[180.69,26.121,56.84]",156.00951587643618,78.00475793821809,78.00475793821809,1.0,shrink,huge,HORIZ_HIGH,long,fast,large,Overall: moves quickly over a long distance with large vertical variation. Phases: moves across the scene in a high region.
zoneREEF/cellReef_CliffCaves/Sector/Solid Filler/areaCrag02/areaCragChunk04,Mesh,6,8,"[111.191,12.839,22.679]","[180.615,23.636,55.428]",155.03243513536128,77.51621756768064,77.51621756768064,1.0,grow,huge,HORIZ_HIGH,long,fast,large,Overall: moves quickly over a long distance with large vertical variation. Phases: moves across the scene in a high region.
zoneREEF/cellReef_CliffCaves/Sector/Solid Filler/areaCrag02/areaCragChunk02,Mesh,6,8,"[113.421,14.529,21.064]","[179.644,25.109,58.388]",153.49922612182772,76.74961306091386,76.74961306091386,1.0,grow,huge,HORIZ_HIGH,long,fast,large,Overall: moves quickly over a long distance with large vertical variation. Phases: moves across the scene in a high region.
zoneREEF/cellReef_CliffCaves/Sector/Solid Filler/areaCrag02/areaCragChunk05,Mesh,6,8,"[113.426,13.532,22.943]","[178.393,24.24,56.67]",147.95787078759955,73.97893539379977,73.97893539379977,1.0,stable,huge,HORIZ_HIGH,long,fast,large,Overall: moves quickly over a long distance with large vertical variation. Phases: moves across the scene in a high region.
zoneRANCH/cellRanch_Grotto/Sector/Rocks/rockCrag04,Mesh,4,8,"[248.61,17.95,-153.4]","[235.0,9.449,-119.261]",150.88912072114417,37.72228018028604,37.72228018028604,1.0,stable,huge,HORIZ_MID,long,fast,large,Overall: moves quickly over a long distance with large vertical variation. Phases: moves across the scene in a mid-height region.
zoneREEF/cellReef_CliffCaves/Sector/Main Nav/cliffBase04,Mesh,6,8,"[116.77,9.473,27.0]","[163.82,7.345,73.97]",133.0325040582188,66.5162520291094,66.5162520291094,1.0,shrink,huge,HORIZ_LOW,long,fast,large,Overall: moves quickly over a long distance with large vertical variation. Phases: moves across the scene in a low region.
zoneRANCH/cellRanch_PassageOvergrowth/Sector/Solid Filler/moundSand04b,Mesh,4,8,"[13.94,14.67,-104.15]","[15.16,16.54,-146.63]",170.15455092356476,42.53863773089119,42.53863773089119,1.0,stable,large,HORIZ_HIGH,long,fast,moderate,Overall: moves quickly over a long distance with moderate vertical variation. Phases: moves across the scene in a high region.
zoneRANCH/cellRanch_Home/Sector/Solid FIller/moundSand01,Mesh,4,8,"[144.39,12.24,-140.59]","[128.32,14.4,-179.72]",169.42573122167715,42.35643280541929,42.35643280541929,1.0,stable,large,HORIZ_MID,long,fast,moderate,Overall: moves quickly over a long distance with moderate vertical variation. Phases: moves across the scene in a mid-height region.
zoneRANCH/cellRanch_Home/Sector/Solid FIller/moundSand01/Rocks,Mesh,4,8,"[144.39,12.24,-140.59]","[128.32,14.4,-179.72]",169.42573122167715,42.35643280541929,42.35643280541929,1.0,stable,large,HORIZ_MID,long,fast,moderate,Overall: moves quickly over a long distance with moderate vertical variation. Phases: moves across the scene in a mid-height region.
zoneREEF/cellReef_CliffCaves/Sector/Mountains/mtnBluffReef01/mountaintop,Mesh,6,8,"[104.61,17.06,20.09]","[124.5,24.79,78.53]",124.42827009968433,62.21413504984216,62.21413504984216,1.0,grow,huge,HORIZ_HIGH,long,fast,large,Overall: moves quickly over a long distance with large vertical variation. Phases: moves across the scene in a high region.
zoneRANCH/cellRanch_Home/Sector/Rocks/rockReefBoxy01 (2),Mesh,4,8,"[97.535,12.333,-137.324]","[73.65,12.25,-84.6]",231.5278053279995,57.88195133199987,57.88195133199987,1.0,stable,medium,HORIZ_MID,long,fast,flat,Overall: moves quickly over a long distance with almost no vertical change. Phases: moves across the scene in a mid-height region.
zoneREEF/cellReef_Intro/Sector/Main Nav/areaRamp01,Mesh,4,8,"[26.387,7.784,-17.482]","[55.16,9.95,-29.82]",125.52630506790199,31.381576266975497,31.381576266975497,1.0,stable,huge,HORIZ_LOW,long,medium,moderate,Overall: moves at a moderate speed over a long distance with moderate vertical variation. Phases: moves across the scene in a low region.
zoneREEF/cellReef_CliffCaves/Sector/Solid Filler/areaCrag01 (2)/areaCragChunk03,Mesh,6,8,"[111.476,24.717,70.275]","[108.603,-0.128,17.132]",117.46840601625614,58.73420300812807,58.73420300812807,1.0,stable,huge,HORIZ_MID,medium,fast,large,Overall: moves quickly over a medium distance with large vertical variation. Phases: moves across the scene in a mid-height region.
zoneRANCH/cellRanch_Grotto/Sector/Rocks/rockReefBoxy01,Mesh,4,8,"[343.32,0.93,-97.96]","[234.257,7.691,-121.863]",447.4246752069,111.856168801725,111.856168801725,1.0,stable,tiny,HORIZ_LOW,long,fast,large,Overall: moves quickly over a long distance with large vertical variation. Phases: moves across the scene in a low region.
zoneRANCH/cellRanch_Lab/Sector/Solid Filler/moundSand01,Mesh,4,5,"[235.37,15.17,-242.09]","[169.673,14.74,-324.473]",105.37190990961491,105.37190990961491,105.37190990961491,1.0,shrink,huge,HORIZ_HIGH,medium,fast,flat,Overall: moves quickly over a medium distance with almost no vertical change. Phases: moves across the scene in a high region.
zoneREEF/cellReef_CliffCaves/Sector/Solid Filler/areaCrag01 (2)/areaCragChunk01,Mesh,6,8,"[112.594,25.752,70.862]","[109.117,0.511,18.329]",116.77180651167473,58.38590325583736,58.38590325583736,1.0,stable,huge,HORIZ_MID,medium,fast,large,Overall: moves quickly over a medium distance with large vertical variation. Phases: moves across the scene in a mid-height region.
zoneREEF/cellReef_CliffCaves/Sector/Solid Filler/areaCrag01 (2)/colCapsule,Empty,6,8,"[112.385,-3.898,70.329]","[112.707,-19.361,14.667]",115.54161669286091,57.77080834643046,57.77080834643046,1.0,grow,huge,HORIZ_LOW,medium,fast,large,Overall: moves quickly over a medium distance with large vertical variation. Phases: moves across the scene in a low region.
zoneREEF/cellReef_CliffCaves/Sector/Solid Filler/areaCrag01 (2)/areaCragChunk02,Mesh,6,8,"[113.241,23.336,69.506]","[110.644,-0.779,17.302]",115.12663028161643,57.563315140808214,57.563315140808214,1.0,stable,huge,HORIZ_LOW,medium,fast,large,Overall: moves quickly over a medium distance with large vertical variation. Phases: moves across the scene in a low region.
zoneSEA/Sea/seaViewCube,Mesh,4,8,"[97.607,-15.75,-113.931]","[104.576,-15.75,-111.464]",125.88547253382792,7.392770116810066,31.47136813345698,1.0,stable,huge,HORIZ_LOW,long,medium,none,Overall: moves at a moderate speed over a long distance. Phases: moves across the scene in a low region.
zoneSEA/Sea/seaRender/Clouds 1Pass,Mesh,4,8,"[97.607,-7.1,-113.931]","[104.576,-7.1,-111.464]",125.88547253382792,7.392770116810066,31.47136813345698,1.0,stable,huge,HORIZ_LOW,long,medium,none,Overall: moves at a moderate speed over a long distance. Phases: moves across the scene in a low region.
zoneSEA/Sea/seaKillCube,Mesh,4,8,"[97.607,-29.4,-113.931]","[104.576,-29.4,-111.464]",125.88547253382792,7.392770116810066,31.47136813345698,1.0,stable,huge,HORIZ_LOW,long,medium,none,Overall: moves at a moderate speed over a long distance. Phases: moves across the scene in a low region.
zoneRANCH/cellRanch_Lab/Sector/Solid Filler/moundSand03b,Mesh,4,5,"[239.37,15.09,-234.59]","[167.63,14.75,-306.84]",101.81751175510034,101.81751175510034,101.81751175510034,1.0,shrink,huge,HORIZ_HIGH,medium,fast,flat,Overall: moves quickly over a medium distance with almost no vertical change. Phases: moves across the scene in a high region.
zoneRANCH/cellRanch_Home/Sector/Ranch Features/landPlot/patchEmpty(Clone)/Dirt,Mesh,4,8,"[118.55,12.257,-103.75]","[109.05,14.22,-156.75]",215.52181769834812,53.88045442458703,53.88045442458703,1.0,stable,medium,HORIZ_MID,long,fast,moderate,Overall: moves quickly over a long distance with moderate vertical variation. Phases: moves across the scene in a mid-height region.
zoneRANCH/cellRanch_Home/Sector/Ranch Features/landPlot/patchEmpty(Clone)/Dirt/rocks,Mesh,4,8,"[118.55,12.257,-103.75]","[109.05,14.22,-156.75]",215.52181769834812,53.88045442458703,53.88045442458703,1.0,stable,medium,HORIZ_MID,long,fast,moderate,Overall: moves quickly over a long distance with moderate vertical variation. Phases: moves across the scene in a mid-height region.
SimplePlayer/FPSCamera/VacuumTransform/Vacuum/model_vac_v3_prefab(Clone)/Scaler/vac,Empty,4,8,"[96.923,14.151,-113.825]","[104.04,14.207,-110.778]",124.44155593884659,7.742030353854216,31.110388984711648,1.0,stable,huge,HORIZ_MID,long,medium,flat,Overall: moves at a moderate speed over a long distance with almost no vertical change. Phases: moves across the scene in a mid-height region.
SimplePlayer/FPSCamera/VacuumTransform/Vacuum/model_vac_v3_prefab(Clone)/Scaler/mesh_l_armextra,Empty,4,8,"[96.809,13.436,-113.733]","[104.015,13.508,-110.569]",123.97392561238851,7.870356789879354,30.993481403097128,1.0,shrink,huge,HORIZ_MID,long,medium,flat,Overall: moves at a moderate speed over a long distance with almost no vertical change. Phases: moves across the scene in a mid-height region.
zoneRANCH/cellRanch_Home/Sector/Solid FIller/moundSand02,Mesh,4,8,"[117.16,12.22,-140.17]","[119.5,14.4,-191.32]",204.99953170678222,51.249882926695555,51.249882926695555,1.0,stable,medium,HORIZ_MID,long,fast,moderate,Overall: moves quickly over a long distance with moderate vertical variation. Phases: moves across the scene in a mid-height region.
zoneRANCH/cellRanch_PassageLab/Sector/Deco/decoRock03,Mesh,4,8,"[129.292,14.548,-217.408]","[229.904,18.443,-206.27]",405.2061324906127,101.30153312265317,101.30153312265317,1.0,stable,tiny,HORIZ_HIGH,long,fast,moderate,Overall: moves quickly over a long distance with moderate vertical variation. Phases: moves across the scene in a high region.
zoneRANCH/cellRanch_Lab/Sector/Main Nav/cliffBase05,Mesh,4,5,"[228.34,15.01,-330.13]","[227.05,15.21,-234.69]",95.44892718097988,95.44892718097988,95.44892718097988,1.0,grow,huge,HORIZ_HIGH,medium,fast,flat,Overall: moves quickly over a medium distance with almost no vertical change. Phases: moves across the scene in a high region.
zoneREEF/cellReef_Intro/Sector/Grass/grassThinColony01,Mesh,4,8,"[-20.62,4.45,6.36]","[40.3,7.341,-7.77]",250.4160116605965,62.604002915149124,62.604002915149124,1.0,stable,small,HORIZ_LOW,long,fast,moderate,Overall: moves quickly over a long distance with moderate vertical variation. Phases: moves across the scene in a low region.
zoneRANCH/cellRanch_PassageGrotto/Sector/Main Nav/cliffBase02,Mesh,4,8,"[163.83,12.48,-130.82]","[191.5,12.76,-130.8]",110.68569555276774,27.671423888191935,27.671423888191935,1.0,stable,huge,HORIZ_MID,medium,medium,flat,Overall: moves at a moderate speed over a medium distance with almost no vertical change. Phases: moves across the scene in a mid-height region.
zoneREEF/cellReef_Intro/Sector/Flora/bushBlob01,Mesh,4,8,"[19.32,7.6,12.52]","[-12.79,4.45,-0.41]",139.03435546655365,34.75858886663841,34.75858886663841,1.0,stable,large,HORIZ_LOW,long,medium,moderate,Overall: moves at a moderate speed over a long distance with moderate vertical variation. Phases: moves across the scene in a low region.
zoneRANCH/cellRanch_Home/Sector/Rocks/rockReefFlat01,Mesh,4,8,"[63.49,15.63,-158.77]","[119.18,14.776,-181.71]",240.9431141493776,60.2357785373444,60.2357785373444,1.0,stable,small,HORIZ_HIGH,long,fast,flat,Overall: moves quickly over a long distance with almost no vertical change. Phases: moves across the scene in a high region.
zoneREEF/cellReef_CliffCaves/Sector/Solid Filler/areaCrag01 (3)/areaCragChunk03,Mesh,6,8,"[147.768,7.918,48.649]","[138.433,-3.725,0.634]",100.56126289978661,50.280631449893306,50.280631449893306,1.0,stable,huge,HORIZ_LOW,medium,fast,large,Overall: moves quickly over a medium distance with large vertical variation. Phases: moves across the scene in a low region.
zoneREEF/cellReef_CliffCaves/Sector/Solid Filler/areaCrag01 (3)/colCapsule,Empty,6,8,"[146.858,-15.46,48.618]","[137.331,-18.907,0.613]",98.12493185730119,49.062465928650596,49.062465928650596,1.0,stable,huge,HORIZ_LOW,medium,fast,moderate,Overall: moves quickly over a medium distance with moderate vertical variation. Phases: moves across the scene in a low region.
zoneREEF/cellReef_CliffCaves/Sector/Solid Filler/areaCrag01 (3)/areaCragChunk02,Mesh,6,8,"[146.024,6.79,49.462]","[138.84,-4.594,2.457]",97.78906558506426,48.89453279253213,48.89453279253213,1.0,stable,huge,HORIZ_LOW,medium,fast,large,Overall: moves quickly over a medium distance with large vertical variation. Phases: moves across the scene in a low region.
zoneREEF/cellReef_CliffCaves/Sector/Solid Filler/areaCrag01 (3)/areaCragChunk01,Mesh,6,8,"[146.636,8.764,48.09]","[137.694,-3.191,1.667]",97.52899708291889,48.764498541459446,48.764498541459446,1.0,stable,huge,HORIZ_LOW,medium,fast,large,Overall: moves quickly over a medium distance with large vertical variation. Phases: moves across the scene in a low region.
zoneREEF/cellReef_Intro/Sector/Grass/grassThinColony01 (3),Mesh,4,8,"[1.4,4.45,-3.36]","[58.135,7.341,-8.818]",228.28080497492556,57.07020124373139,57.07020124373139,1.0,stable,small,HORIZ_LOW,long,fast,moderate,Overall: moves quickly over a long distance with moderate vertical variation. Phases: moves across the scene in a low region.
zoneREEF/cellReef_Intro/Sector/Rocks/rockMoba13 (1),Mesh,4,8,"[33.62,6.12,9.26]","[53.36,12.1,-43.32]",225.92332858737717,56.48083214684429,56.48083214684429,1.0,stable,small,HORIZ_LOW,long,fast,large,Overall: moves quickly over a long distance with large vertical variation. Phases: moves across the scene in a low region.
zoneREEF/cellReef_Intro/Sector/Rocks/rockReefTall01 (3),Mesh,4,8,"[20.97,7.25,-17.46]","[-1.37,-4.072,-18.28]",100.23457958209832,25.05864489552458,25.05864489552458,1.0,stable,huge,HORIZ_LOW,medium,medium,large,Overall: moves at a moderate speed over a medium distance with large vertical variation. Phases: moves across the scene in a low region.
zoneRANCH/cellRanch_Home/Sector/Solid FIller/moundSand03b,Mesh,4,8,"[94.06,14.59,-149.91]","[150.01,15.58,-143.5]",225.29875987230818,56.324689968077045,56.324689968077045,1.0,stable,small,HORIZ_HIGH,long,fast,flat,Overall: moves quickly over a long distance with almost no vertical change. Phases: moves across the scene in a high region.
zoneRANCH/cellRanch_Entrance/Sector/Main Nav/wallCapsule02,Mesh,4,8,"[72.44,12.3,-29.12]","[60.45,10.19,-50.16]",97.23322888807095,24.30830722201774,24.30830722201774,1.0,stable,huge,HORIZ_LOW,medium,medium,moderate,Overall: moves at a moderate speed over a medium distance with moderate vertical variation. Phases: moves across the scene in a low region.
zoneRANCH/cellRanch_Home/Sector/Solid FIller/moundSand01 (1)/Rocks,Mesh,4,8,"[128.13,12.25,-139.93]","[145.93,14.22,-156.25]",96.91755671703659,24.229389179259147,24.229389179259147,1.0,stable,huge,HORIZ_MID,medium,medium,moderate,Overall: moves at a moderate speed over a medium distance with moderate vertical variation. Phases: moves across the scene in a mid-height region.
zoneRANCH/cellRanch_Home/Sector/Solid FIller/moundSand01 (1),Mesh,4,8,"[128.13,12.25,-139.93]","[145.93,14.22,-156.25]",96.91755671703659,24.229389179259147,24.229389179259147,1.0,stable,huge,HORIZ_MID,medium,medium,moderate,Overall: moves at a moderate speed over a medium distance with moderate vertical variation. Phases: moves across the scene in a mid-height region.
zoneRANCH/cellRanch_Lab/Sector/Solid Filler/moundSand01/Rocks,Mesh,4,5,"[235.37,15.17,-242.09]","[169.673,14.74,-324.473]",105.37190990961491,105.37190990961491,105.37190990961491,1.0,shrink,large,HORIZ_HIGH,medium,fast,flat,Overall: moves quickly over a medium distance with almost no vertical change. Phases: moves across the scene in a high region.
zoneRANCH/cellRanch_Home/Sector/Constructions/techGuidePost (1),Mesh,4,8,"[86.344,14.518,-179.176]","[45.213,12.145,-103.115]",346.0096186177488,86.5024046544372,86.5024046544372,1.0,stable,tiny,HORIZ_MID,long,fast,moderate,Overall: moves quickly over a long distance with moderate vertical variation. Phases: moves across the scene in a mid-height region.
zoneREEF/cellReef_CliffCaves/Sector/Grass/grassThinColony02 (8),Mesh,6,8,"[115.53,9.462,56.7]","[173.39,14.924,53.084]",116.45923750394381,58.229618751971906,58.229618751971906,1.0,shrink,large,HORIZ_MID,medium,fast,large,Overall: moves quickly over a medium distance with large vertical variation. Phases: moves across the scene in a mid-height region.
SimplePlayer/FPSCamera/vac shape/Capsule1,Empty,4,8,"[98.246,13.835,-114.669]","[104.618,13.763,-112.197]",128.22144360734129,6.835082442809302,32.05536090183532,1.0,stable,large,HORIZ_MID,long,medium,flat,Overall: moves at a moderate speed over a long distance with almost no vertical change. Phases: moves across the scene in a mid-height region.
zoneREEF/cellReef_Intro/Sector/Grass/grassThinColony01 (1),Mesh,4,8,"[-8.2,4.45,18.18]","[39.93,7.341,-4.47]",213.0869223955332,53.2717305988833,53.2717305988833,1.0,stable,small,HORIZ_LOW,long,fast,moderate,Overall: moves quickly over a long distance with moderate vertical variation. Phases: moves across the scene in a low region.
zoneREEF/cellReef_Intro/Sector/Rocks/rockReefBoxy01 (2),Mesh,4,8,"[39.076,7.341,-6.07]","[0.166,-4.24,-17.418]",168.61244390613643,42.15311097653411,42.15311097653411,1.0,stable,medium,HORIZ_LOW,long,fast,large,Overall: moves quickly over a long distance with large vertical variation. Phases: moves across the scene in a low region.
zoneRANCH/cellRanch_Home/Sector/Grass/grassThinColony01 (1),Mesh,4,8,"[78.2,14.65,-162.16]","[125.04,12.25,-93.566]",332.3824889731708,83.0956222432927,83.0956222432927,1.0,stable,tiny,HORIZ_MID,long,fast,moderate,Overall: moves quickly over a long distance with moderate vertical variation. Phases: moves across the scene in a mid-height region.
SimplePlayer/FPSCamera/VacuumTransform/Vacuum/model_vac_v3_prefab(Clone)/Scaler/arms,Empty,4,8,"[96.809,13.436,-113.733]","[104.015,13.508,-110.569]",123.97392561238851,7.870356789879354,30.993481403097128,1.0,shrink,large,HORIZ_MID,long,medium,flat,Overall: moves at a moderate speed over a long distance with almost no vertical change. Phases: moves across the scene in a mid-height region.
zoneRANCH/cellRanch_Home/Sector/Solid FIller/moundSand02/Rocks,Mesh,4,8,"[117.16,12.22,-140.17]","[119.5,14.4,-191.32]",204.99953170678222,51.249882926695555,51.249882926695555,1.0,stable,small,HORIZ_MID,long,fast,moderate,Overall: moves quickly over a long distance with moderate vertical variation. Phases: moves across the scene in a mid-height region.
zoneRANCH/cellRanch_Home/Sector/Constructions/techGuidePost,Mesh,4,8,"[94.06,14.518,-175.88]","[45.254,12.145,-110.582]",326.226561003239,81.55664025080975,81.55664025080975,1.0,stable,tiny,HORIZ_MID,long,fast,moderate,Overall: moves quickly over a long distance with moderate vertical variation. Phases: moves across the scene in a mid-height region.
zoneRANCH/cellRanch_Home/Sector/Trees/treeReef02/treeBranch01,Mesh,4,8,"[69.32,22.096,-171.304]","[51.129,28.37,-92.684]",323.76238094009625,80.94059523502406,80.94059523502406,1.0,stable,tiny,HORIZ_HIGH,long,fast,large,Overall: moves quickly over a long distance with large vertical variation. Phases: moves across the scene in a high region.
zoneREEF/cellReef_CliffCaves/Sector/Solid Filler/wallCapsule03,Mesh,6,8,"[163.23,5.45,51.53]","[126.42,12.69,34.15]",82.69118695483816,41.34559347741908,41.34559347741908,1.0,shrink,huge,HORIZ_LOW,medium,fast,large,Overall: moves quickly over a medium distance with large vertical variation. Phases: moves across the scene in a low region.
zoneREEF/cellReef_Intro/Sector/Grass/grassThinColony02,Mesh,4,8,"[-16.91,4.45,1.04]","[20.54,7.341,8.99]",153.57410620283616,38.39352655070904,38.39352655070904,1.0,stable,medium,HORIZ_LOW,long,fast,moderate,Overall: moves quickly over a long distance with moderate vertical variation. Phases: moves across the scene in a low region.
zoneREEF/cellReef_Intro/Sector/Rocks/rockReefTall01 (2),Mesh,4,8,"[27.59,6.82,-23.88]","[3.993,-4.242,-18.921]",106.1152531165996,26.5288132791499,26.5288132791499,1.0,stable,large,HORIZ_LOW,medium,medium,large,Overall: moves at a moderate speed over a medium distance with large vertical variation. Phases: moves across the scene in a low region.
zoneREEF/cellReef_Intro/Sector/Deco/decoRock13,Mesh,4,8,"[49.345,7.341,-16.033]","[-19.83,4.45,3.25]",287.4821064344701,71.87052660861752,71.87052660861752,1.0,stable,tiny,HORIZ_LOW,long,fast,moderate,Overall: moves quickly over a long distance with moderate vertical variation. Phases: moves across the scene in a low region.
zoneREEF/cellReef_Intro/Sector/Rocks/rockReefTall01,Mesh,4,8,"[37.35,7.341,-7.11]","[5.6,-3.89,-19.62]",143.7051403951856,35.9262850987964,35.9262850987964,1.0,stable,medium,HORIZ_LOW,long,medium,large,Overall: moves at a moderate speed over a long distance with large vertical variation. Phases: moves across the scene in a low region.
zoneRANCH/cellRanch_Home/Sector/Grass/grassThinColony01,Mesh,4,8,"[73.03,14.64,-172.81]","[107.84,12.25,-111.5]",282.17340200663847,70.54335050165962,70.54335050165962,1.0,stable,tiny,HORIZ_MID,long,fast,moderate,Overall: moves quickly over a long distance with moderate vertical variation. Phases: moves across the scene in a mid-height region.
zoneREEF/cellReef_FeralSink/Sector/Solid Filler/moundSand03/Rocks,Mesh,6,7,"[198.75,1.38,48.57]","[264.9,7.29,49.85]",66.42581576465581,66.42581576465581,66.42581576465581,1.0,shrink,huge,HORIZ_LOW,medium,fast,large,Overall: moves quickly over a medium distance with large vertical variation. Phases: moves across the scene in a low region.
zoneREEF/cellReef_FeralSink/Sector/Solid Filler/moundSand03,Mesh,6,7,"[198.75,1.38,48.57]","[264.9,7.29,49.85]",66.42581576465581,66.42581576465581,66.42581576465581,1.0,shrink,huge,HORIZ_LOW,medium,fast,large,Overall: moves quickly over a medium distance with large vertical variation. Phases: moves across the scene in a low region.
zoneRANCH/cellRanch_Home/Sector/Rocks/rockReefBoxy01,Mesh,4,8,"[79.958,14.17,-137.609]","[97.97,12.51,-97.62]",175.558895644738,43.8897239111845,43.8897239111845,1.0,stable,small,HORIZ_MID,long,fast,moderate,Overall: moves quickly over a long distance with moderate vertical variation. Phases: moves across the scene in a mid-height region.
zoneREEF/cellReef_CliffCaves/Sector/Flora/bushBlob01 (2),Mesh,6,8,"[107.63,10.386,26.95]","[143.43,18.6,26.62]",73.46342480445628,36.73171240222814,36.73171240222814,1.0,shrink,huge,HORIZ_MID,medium,fast,large,Overall: moves quickly over a medium distance with large vertical variation. Phases: moves across the scene in a mid-height region.
zoneREEF/cellReef_FeralSink/Sector/Cliffs/cliffBase01,Mesh,6,7,"[293.72,29.6,66.67]","[234.18,5.76,50.62]",66.11323392483537,66.11323392483537,66.11323392483537,1.0,shrink,huge,HORIZ_HIGH,medium,fast,large,Overall: moves quickly over a medium distance with large vertical variation. Phases: moves across the scene in a high region.
zoneREEF/cellReef_Intro/Sector/Grass/grassThinColony02 (1),Mesh,4,8,"[-12.23,4.45,18.05]","[11.08,7.341,10.54]",98.63987680446485,24.659969201116212,24.659969201116212,1.0,stable,large,HORIZ_LOW,medium,medium,moderate,Overall: moves at a moderate speed over a medium distance with moderate vertical variation. Phases: moves across the scene in a low region.
zoneRANCH/cellRanch_Entrance/Sector/Solid Filler/moundSand02b (1),Mesh,4,8,"[89.49,12.22,-75.25]","[66.21,12.35,-67.86]",97.70055475789276,24.42513868947319,24.42513868947319,1.0,stable,large,HORIZ_MID,medium,medium,flat,Overall: moves at a moderate speed over a medium distance with almost no vertical change. Phases: moves across the scene in a mid-height region.
zoneRANCH/cellRanch_PassageGrotto/Sector/Cliffs/cliffBase01,Mesh,4,8,"[197.063,25.16,-143.013]","[210.991,25.47,-155.056]",73.66075025412118,18.415187563530296,18.415187563530296,1.0,stable,huge,HORIZ_HIGH,medium,slow,moderate,Overall: moves slowly over a medium distance with moderate vertical variation. Phases: moves across the scene in a high region.
zoneREEF/cellReef_CliffCaves/Sector/Flora/treeReef02/treeLeaves01,Mesh,6,8,"[119.766,22.818,56.233]","[150.09,23.2,39.337]",69.4309935403491,34.71549677017455,34.71549677017455,1.0,shrink,huge,HORIZ_HIGH,medium,medium,large,Overall: moves at a moderate speed over a medium distance with large vertical variation. Phases: moves across the scene in a high region.
zoneRANCH/cellRanch_Grotto/Sector/Constructions/Wood Platform/woodPlat01 (1),Mesh,4,8,"[235.481,11.85,-104.594]","[249.111,7.22,-134.194]",131.6585766290977,32.914644157274424,32.914644157274424,1.0,stable,medium,HORIZ_LOW,long,medium,large,Overall: moves at a moderate speed over a long distance with large vertical variation. Phases: moves across the scene in a low region.
zoneREEF/cellReef_CliffCaves/Sector/Solid Filler/moundSand04,Mesh,6,8,"[142.43,17.22,41.73]","[178.54,-2.7,25.48]",88.6521516941354,44.3260758470677,44.3260758470677,1.0,shrink,large,HORIZ_LOW,medium,fast,large,Overall: moves quickly over a medium distance with large vertical variation. Phases: moves across the scene in a low region.
zoneRANCH/cellRanch_Home/Sector/Grass/grassThinColony01 (6),Mesh,4,8,"[48.3,14.682,-134.09]","[87.46,12.25,-82.07]",260.6300251007163,65.15750627517907,65.15750627517907,1.0,stable,tiny,HORIZ_MID,long,fast,moderate,Overall: moves quickly over a long distance with moderate vertical variation. Phases: moves across the scene in a mid-height region.
zoneREEF/cellReef_Intro/Sector/Grass/grassThinSprig01 (1),Mesh,4,8,"[-22.007,4.45,1.618]","[41.524,7.341,-9.094]",257.9703172382435,64.49257930956088,64.49257930956088,1.0,stable,tiny,HORIZ_LOW,long,fast,moderate,Overall: moves quickly over a long distance with moderate vertical variation. Phases: moves across the scene in a low region.
zoneREEF/cellReef_CliffCaves/Sector/Solid Filler/areaCrag01 (1)/areaCragChunk01,Mesh,6,8,"[94.928,13.464,43.962]","[102.752,-2.273,15.178]",67.45033138539796,33.72516569269898,33.72516569269898,1.0,stable,huge,HORIZ_LOW,medium,medium,large,Overall: moves at a moderate speed over a medium distance with large vertical variation. Phases: moves across the scene in a low region.
zoneREEF/cellReef_CliffCaves/Sector/Solid Filler/areaCrag01 (1)/areaCragChunk03,Mesh,6,8,"[93.677,12.618,43.796]","[101.462,-2.742,15.065]",66.9927215748099,33.49636078740495,33.49636078740495,1.0,stable,huge,HORIZ_LOW,medium,medium,large,Overall: moves at a moderate speed over a medium distance with large vertical variation. Phases: moves across the scene in a low region.
zoneREEF/cellReef_CliffCaves/Sector/Solid Filler/areaCrag01 (1)/areaCragChunk02,Mesh,6,8,"[95.068,11.49,42.466]","[102.72,-3.464,13.603]",66.79065770001071,33.395328850005356,33.395328850005356,1.0,stable,huge,HORIZ_LOW,medium,medium,large,Overall: moves at a moderate speed over a medium distance with large vertical variation. Phases: moves across the scene in a low region.
zoneRANCH/cellRanch_Lab/Sector/Solid Filler/moundSand02 (1),Mesh,4,5,"[205.2,14.69,-242.9]","[235.332,15.359,-313.869]",77.10372199835754,77.10372199835754,77.10372199835754,1.0,grow,large,HORIZ_HIGH,medium,fast,flat,Overall: moves quickly over a medium distance with almost no vertical change. Phases: moves across the scene in a high region.
zoneREEF/cellReef_CliffCaves/Sector/Solid Filler/wallCapsule01,Mesh,6,8,"[157.316,7.82,48.094]","[125.56,11.31,39.46]",66.18669328497987,33.093346642489934,33.093346642489934,1.0,shrink,huge,HORIZ_LOW,medium,medium,moderate,Overall: moves at a moderate speed over a medium distance with moderate vertical variation. Phases: moves across the scene in a low region.
zoneRANCH/cellRanch_Home/Sector/Ranch Features/landPlot/patchEmpty(Clone)/Frame/Post 4/corralPost,Mesh,4,8,"[118.55,8.507,-94.25]","[118.55,10.47,-156.75]",250.12327741335872,62.53081935333968,62.53081935333968,1.0,stable,tiny,HORIZ_LOW,long,fast,moderate,Overall: moves quickly over a long distance with moderate vertical variation. Phases: moves across the scene in a low region.
zoneRANCH/cellRanch_Home/Sector/Ranch Features/landPlot/patchEmpty(Clone)/Frame/Post 4/corralBase,Mesh,4,8,"[118.55,12.257,-94.25]","[118.55,14.22,-156.75]",250.12327741335872,62.53081935333968,62.53081935333968,1.0,stable,tiny,HORIZ_MID,long,fast,moderate,Overall: moves quickly over a long distance with moderate vertical variation. Phases: moves across the scene in a mid-height region.
zoneREEF/cellReef_Intro/Sector/Rocks/rockReefBoxy01,Mesh,4,8,"[40.974,7.341,-24.201]","[4.43,-4.24,-20.27]",154.144672720143,38.53616818003575,38.53616818003575,1.0,stable,small,HORIZ_LOW,long,fast,large,Overall: moves quickly over a long distance with large vertical variation. Phases: moves across the scene in a low region.
SimplePlayer/FPSCamera/vac shape/Capsule2,Empty,4,8,"[98.246,13.835,-114.669]","[104.618,13.763,-112.197]",128.22144360734129,6.835082442809302,32.05536090183532,1.0,stable,medium,HORIZ_MID,long,medium,flat,Overall: moves at a moderate speed over a long distance with almost no vertical change. Phases: moves across the scene in a mid-height region.
SimplePlayer/FPSCamera/vac shape/Capsule3,Empty,4,8,"[98.246,13.835,-114.669]","[104.618,13.763,-112.197]",128.22144360734129,6.835082442809302,32.05536090183532,1.0,stable,medium,HORIZ_MID,long,medium,flat,Overall: moves at a moderate speed over a long distance with almost no vertical change. Phases: moves across the scene in a mid-height region.
zoneRANCH/cellRanch_Home/Sector/Grass/grassThinColony01 (5),Mesh,4,8,"[51.02,14.682,-129.37]","[86.71,12.25,-80.49]",242.28727160955032,60.57181790238758,60.57181790238758,1.0,stable,tiny,HORIZ_MID,long,fast,moderate,Overall: moves quickly over a long distance with moderate vertical variation. Phases: moves across the scene in a mid-height region.
zoneREEF/cellReef_FeralSink/Sector/Main Nav/cliffBase04,Mesh,6,7,"[204.591,2.17,45.997]","[261.4,7.65,45.17]",57.078689631069814,57.078689631069814,57.078689631069814,1.0,shrink,huge,HORIZ_LOW,medium,fast,large,Overall: moves quickly over a medium distance with large vertical variation. Phases: moves across the scene in a low region.
zoneREEF/cellReef_Intro/Sector/Solid Filler/moundSand02,Mesh,4,8,"[26.37,7.341,10.35]","[3.89,4.33,-9.34]",120.14075884561409,30.035189711403522,30.035189711403522,1.0,stable,medium,HORIZ_LOW,medium,medium,moderate,Overall: moves at a moderate speed over a medium distance with moderate vertical variation. Phases: moves across the scene in a low region.
zoneREEF/cellReef_CliffCaves/Sector/Solid Filler/areaCrag01 (1)/colCapsule,Empty,6,8,"[94.548,-10.76,43.533]","[101.423,-17.915,13.839]",62.61607736037128,31.30803868018564,31.30803868018564,1.0,stable,huge,HORIZ_LOW,medium,medium,large,Overall: moves at a moderate speed over a medium distance with large vertical variation. Phases: moves across the scene in a low region.
zoneRANCH/cellRanch_Grotto/Sector/Ranch Features/landPlot/patchEmpty(Clone)/Dirt,Mesh,4,8,"[225.9,12.07,-119.92]","[222.79,12.16,-149.45]",118.77380856064181,29.693452140160453,29.693452140160453,1.0,stable,medium,HORIZ_MID,medium,medium,moderate,Overall: moves at a moderate speed over a medium distance with moderate vertical variation. Phases: moves across the scene in a mid-height region.
zoneRANCH/cellRanch_Grotto/Sector/Ranch Features/landPlot/patchEmpty(Clone)/Dirt/rocks,Mesh,4,8,"[225.9,12.07,-119.92]","[222.79,12.16,-149.45]",118.77380856064181,29.693452140160453,29.693452140160453,1.0,stable,medium,HORIZ_MID,medium,medium,moderate,Overall: moves at a moderate speed over a medium distance with moderate vertical variation. Phases: moves across the scene in a mid-height region.
zoneREEF/cellReef_Intro/Sector/Flora/bushBlob02,Mesh,4,8,"[15.83,7.43,13.0]","[-10.6,4.45,-0.04]",118.48827114951082,29.622067787377706,29.622067787377706,1.0,stable,medium,HORIZ_LOW,medium,medium,moderate,Overall: moves at a moderate speed over a medium distance with moderate vertical variation. Phases: moves across the scene in a low region.
zoneREEF/cellReef_FeralSink/Sector/Solid Filler/moundSand03b,Mesh,6,7,"[228.03,9.61,55.78]","[278.05,0.12,36.78]",54.34206933858887,54.34206933858887,54.34206933858887,1.0,shrink,huge,HORIZ_LOW,medium,fast,large,Overall: moves quickly over a medium distance with large vertical variation. Phases: moves across the scene in a low region.
zoneREEF/cellReef_CliffCaves/Sector/Flora/bushBlob01 (3),Mesh,6,8,"[110.59,9.51,28.57]","[138.42,19.47,22.99]",60.16134639450813,30.080673197254065,30.080673197254065,1.0,shrink,huge,HORIZ_MID,medium,medium,large,Overall: moves at a moderate speed over a medium distance with large vertical variation. Phases: moves across the scene in a mid-height region.
zoneRANCH/cellRanch_Lab/Sector/Grass/grassThinColony02,Mesh,4,5,"[226.47,14.75,-330.92]","[168.63,14.75,-255.27]",95.22808461793191,95.22808461793191,95.22808461793191,1.0,shrink,medium,HORIZ_HIGH,medium,fast,none,Overall: moves quickly over a medium distance. Phases: moves across the scene in a high region.
zoneREEF/cellReef_Intro/Sector/Grass/grassThinColony01 (6),Mesh,4,8,"[-9.26,4.45,-1.81]","[18.33,7.341,-0.66]",111.05951420747346,27.764878551868364,27.764878551868364,1.0,stable,medium,HORIZ_LOW,medium,medium,moderate,Overall: moves at a moderate speed over a medium distance with moderate vertical variation. Phases: moves across the scene in a low region.
zoneREEF/cellReef_CliffCaves/Sector/Flora/bushBlob01,Mesh,6,8,"[119.03,9.462,57.3]","[152.043,16.783,42.161]",74.09843536809667,37.04921768404834,37.04921768404834,1.0,stable,large,HORIZ_MID,medium,fast,large,Overall: moves quickly over a medium distance with large vertical variation. Phases: moves across the scene in a mid-height region.
zoneREEF/cellReef_Intro/Sector/Grass/grassThinColony01 (7),Mesh,4,8,"[-16.359,4.45,17.451]","[11.78,7.341,-1.53]",136.26090051074814,34.065225127687036,34.065225127687036,1.0,stable,small,HORIZ_LOW,long,medium,moderate,Overall: moves at a moderate speed over a long distance with moderate vertical variation. Phases: moves across the scene in a low region.
zoneREEF/cellReef_Intro/Sector/Rocks/rockReefBoxy01 (4),Mesh,4,8,"[23.975,7.34,-14.963]","[5.63,-4.24,-31.26]",108.53405983376832,27.13351495844208,27.13351495844208,1.0,stable,medium,HORIZ_LOW,medium,medium,large,Overall: moves at a moderate speed over a medium distance with large vertical variation. Phases: moves across the scene in a low region.
zoneRANCH/cellRanch_Home/Sector/Ranch Features/landPlot/patchEmpty(Clone)/Frame/Post 3/corralPost,Mesh,4,8,"[109.05,8.507,-94.25]","[118.55,10.47,-147.25]",215.52181769834812,53.88045442458703,53.88045442458703,1.0,stable,tiny,HORIZ_LOW,long,fast,moderate,Overall: moves quickly over a long distance with moderate vertical variation. Phases: moves across the scene in a low region.
zoneRANCH/cellRanch_Home/Sector/Ranch Features/landPlot/patchEmpty(Clone)/Frame/Post 1/corralBase,Mesh,4,8,"[118.55,12.257,-103.75]","[109.05,14.22,-156.75]",215.52181769834812,53.88045442458703,53.88045442458703,1.0,stable,tiny,HORIZ_MID,long,fast,moderate,Overall: moves quickly over a long distance with moderate vertical variation. Phases: moves across the scene in a mid-height region.
zoneRANCH/cellRanch_Home/Sector/Ranch Features/landPlot/patchEmpty(Clone)/Frame/Post 1/corralPost,Mesh,4,8,"[118.55,8.507,-103.75]","[109.05,10.47,-156.75]",215.52181769834812,53.88045442458703,53.88045442458703,1.0,stable,tiny,HORIZ_LOW,long,fast,moderate,Overall: moves quickly over a long distance with moderate vertical variation. Phases: moves across the scene in a low region.
zoneRANCH/cellRanch_Home/Sector/Ranch Features/landPlot/patchEmpty(Clone)/Frame/Post 3/corralBase,Mesh,4,8,"[109.05,12.257,-94.25]","[118.55,14.22,-147.25]",215.52181769834812,53.88045442458703,53.88045442458703,1.0,stable,tiny,HORIZ_MID,long,fast,moderate,Overall: moves quickly over a long distance with moderate vertical variation. Phases: moves across the scene in a mid-height region.
zoneREEF/cellReef_CliffCaves/Sector/Solid Filler/cliffWallSea01,Mesh,6,8,"[81.31,-14.134,37.35]","[100.02,-18.264,17.86]",54.661909955653755,27.330954977826877,27.330954977826877,1.0,stable,huge,HORIZ_LOW,medium,medium,moderate,Overall: moves at a moderate speed over a medium distance with moderate vertical variation. Phases: moves across the scene in a low region.
zoneREEF/cellReef_Intro/Sector/Rocks/rockReefBoxy01 (6),Mesh,4,8,"[19.75,13.48,-28.21]","[-6.12,-4.24,-21.41]",128.3429966924569,32.08574917311422,32.08574917311422,1.0,stable,small,HORIZ_LOW,long,medium,large,Overall: moves at a moderate speed over a long distance with large vertical variation. Phases: moves across the scene in a low region.
zoneREEF/cellReef_FeralSink/Sector/Solid Filler/cliffWallReef01,Mesh,6,7,"[242.41,-0.18,68.78]","[290.25,-0.05,70.01]",47.85598604145568,47.85598604145568,47.85598604145568,1.0,shrink,huge,HORIZ_LOW,medium,fast,flat,Overall: moves quickly over a medium distance with almost no vertical change. Phases: moves across the scene in a low region.
zoneREEF/cellReef_CliffCaves/Sector/Solid Filler/moundSand02b,Mesh,6,8,"[129.547,9.44,49.188]","[152.1,-5.354,10.47]",94.3733811834672,47.1866905917336,47.1866905917336,1.0,grow,medium,HORIZ_LOW,medium,fast,large,Overall: moves quickly over a medium distance with large vertical variation. Phases: moves across the scene in a low region.
zoneRANCH/cellRanch_Overgrowth/Sector/Trees/treeReef03/treeTrunk01,Mesh,4,8,"[-79.28,11.098,-146.009]","[-80.535,29.068,-147.944]",54.35219728769022,18.11739909589674,15.09783257991395,1.0,stable,huge,DESCEND_HIGH,medium,slow,large,Overall: moves slowly over a medium distance with large vertical variation. Phases: moves downward in a high region.
zoneREEF/cellReef_Intro/Sector/Deco/decoRock14,Mesh,4,8,"[32.213,7.358,-12.282]","[-16.094,4.45,-1.877]",198.00148435807245,49.50037108951811,49.50037108951811,1.0,stable,tiny,HORIZ_LOW,long,fast,moderate,Overall: moves quickly over a long distance with moderate vertical variation. Phases: moves across the scene in a low region.
zoneREEF/cellReef_Intro/Sector/Rocks/rockReefBoxy01 (3),Mesh,4,8,"[27.727,7.341,-21.95]","[-0.444,-4.24,-18.718]",122.51828441502109,30.62957110375527,30.62957110375527,1.0,stable,small,HORIZ_LOW,long,medium,large,Overall: moves at a moderate speed over a long distance with large vertical variation. Phases: moves across the scene in a low region.
zoneREEF/cellReef_Intro/Sector/Rocks/rockReefBoxy01 (5),Mesh,4,8,"[23.733,7.2,-12.951]","[-2.77,-4.24,-22.03]",121.04285852539999,30.260714631349998,30.260714631349998,1.0,stable,small,HORIZ_LOW,medium,medium,large,Overall: moves at a moderate speed over a medium distance with large vertical variation. Phases: moves across the scene in a low region.
zoneREEF/cellReef_Intro/Sector/Rocks/rockReefTall01 (1),Mesh,4,8,"[26.39,7.341,-22.98]","[5.826,-5.087,-20.514]",96.6158940133558,24.15397350333895,24.15397350333895,1.0,stable,medium,HORIZ_LOW,medium,medium,large,Overall: moves at a moderate speed over a medium distance with large vertical variation. Phases: moves across the scene in a low region.
zoneREEF/cellReef_Intro/Sector/Solid Filler/moundSand02/Rocks,Mesh,4,8,"[26.37,7.341,10.35]","[3.89,4.33,-9.34]",120.14075884561409,30.035189711403522,30.035189711403522,1.0,stable,small,HORIZ_LOW,medium,medium,moderate,Overall: moves at a moderate speed over a medium distance with moderate vertical variation. Phases: moves across the scene in a low region.
zoneREEF/cellReef_Intro/Sector/Grass/grassThinColony01 (2),Mesh,4,8,"[-1.26,4.45,1.16]","[38.94,7.341,-24.66]",191.46050374946785,47.86512593736696,47.86512593736696,1.0,stable,tiny,HORIZ_LOW,long,fast,moderate,Overall: moves quickly over a long distance with moderate vertical variation. Phases: moves across the scene in a low region.
zoneREEF/cellReef_CliffCaves/Sector/Grass/grassThinColony01 (46),Mesh,6,8,"[118.03,9.462,59.5]","[173.84,14.823,56.059]",112.34477116448278,56.17238558224139,56.17238558224139,1.0,shrink,small,HORIZ_MID,medium,fast,large,Overall: moves quickly over a medium distance with large vertical variation. Phases: moves across the scene in a mid-height region.
zoneREEF/cellReef_CliffCaves/Sector/Flora/bushBlob01 (1),Mesh,6,8,"[150.3,16.783,39.52]","[107.04,8.97,37.27]",88.03483558228528,44.01741779114264,44.01741779114264,1.0,grow,medium,HORIZ_MID,medium,fast,large,Overall: moves quickly over a medium distance with large vertical variation. Phases: moves across the scene in a mid-height region.
zoneREEF/cellReef_CliffCaves/Sector/Grass/grassThinColony01 (45),Mesh,6,8,"[118.83,9.462,53.0]","[173.305,15.181,49.704]",109.74691252149194,54.87345626074597,54.87345626074597,1.0,stable,small,HORIZ_MID,medium,fast,large,Overall: moves quickly over a medium distance with large vertical variation. Phases: moves across the scene in a mid-height region.
zoneRANCH/cellRanch_Lab/Sector/Grass/grassThinColony01,Mesh,4,5,"[229.164,14.87,-328.724]","[166.58,14.75,-252.71]",98.4626815194467,98.4626815194467,98.4626815194467,1.0,shrink,small,HORIZ_HIGH,medium,fast,flat,Overall: moves quickly over a medium distance with almost no vertical change. Phases: moves across the scene in a high region.
zoneRANCH/cellRanch_Lab/Sector/Solid Filler/moundSand02,Mesh,4,5,"[226.68,14.75,-264.45]","[165.445,14.74,-313.792]",78.6406910511346,78.6406910511346,78.6406910511346,1.0,shrink,medium,HORIZ_HIGH,medium,fast,flat,Overall: moves quickly over a medium distance with almost no vertical change. Phases: moves across the scene in a high region.
zoneREEF/cellReef_Intro/Sector/Grass/grassThinColony01 (4),Mesh,4,8,"[-13.08,10.5,7.15]","[15.53,7.341,8.66]",115.29381464762106,28.823453661905265,28.823453661905265,1.0,stable,small,HORIZ_LOW,medium,medium,moderate,Overall: moves at a moderate speed over a medium distance with moderate vertical variation. Phases: moves across the scene in a low region.
zoneREEF/cellReef_CliffCaves/Sector/Rocks/rockMoba13 (1),Mesh,6,8,"[126.44,7.964,43.86]","[168.52,11.386,53.76]",86.72823032899959,43.36411516449979,43.36411516449979,1.0,stable,medium,HORIZ_LOW,medium,fast,moderate,Overall: moves quickly over a medium distance with moderate vertical variation. Phases: moves across the scene in a low region.
zoneRANCH/cellRanch_Home/Sector/Grass/grassThinColony01 (4),Mesh,4,8,"[90.099,12.153,-128.844]","[75.301,12.25,-85.588]",182.86921004914961,45.717302512287404,45.717302512287404,1.0,stable,tiny,HORIZ_MID,long,fast,moderate,Overall: moves quickly over a long distance with moderate vertical variation. Phases: moves across the scene in a mid-height region.
zoneRANCH/cellRanch_Lab/Sector/Solid Filler/moundSand02 (1)/Rocks,Mesh,4,5,"[205.2,14.69,-242.9]","[235.332,15.359,-313.869]",77.10372199835754,77.10372199835754,77.10372199835754,1.0,grow,medium,HORIZ_HIGH,medium,fast,flat,Overall: moves quickly over a medium distance with almost no vertical change. Phases: moves across the scene in a high region.
zoneREEF/cellReef_CliffCaves/Sector/Rocks/rockMoba13,Mesh,6,8,"[128.09,8.631,44.11]","[170.19,13.82,42.27]",84.91693166854299,42.45846583427149,42.45846583427149,1.0,stable,medium,HORIZ_LOW,medium,fast,large,Overall: moves quickly over a medium distance with large vertical variation. Phases: moves across the scene in a low region.
zoneREEF/cellReef_Intro/Sector/Grass/grassThinColony01 (5),Mesh,4,8,"[-8.05,4.45,2.04]","[18.89,7.341,-4.07]",111.10021285308143,27.775053213270358,27.775053213270358,1.0,stable,small,HORIZ_LOW,medium,medium,moderate,Overall: moves at a moderate speed over a medium distance with moderate vertical variation. Phases: moves across the scene in a low region.
fruitPogo(Clone)/model_pogofruit,Mesh,4,8,"[71.791,14.91,-166.385]","[71.907,14.91,-165.523]",188.26782645211048,0.8697700845625761,47.06695661302762,1.0,stable,tiny,HORIZ_HIGH;HORIZ_MID;HORIZ_HIGH,long,fast,large,Overall: moves quickly over a long distance with large vertical variation. Phases: moves across the scene in a high region; moves across the scene in a mid-height region; moves across the scene in a high region.
fruitPogo(Clone)/Shadow,Mesh,4,8,"[71.791,14.911,-166.385]","[71.907,14.911,-165.523]",188.26683239055137,0.8697700845625761,47.06670809763784,1.0,stable,tiny,HORIZ_HIGH;HORIZ_MID;HORIZ_HIGH,long,fast,large,Overall: moves quickly over a long distance with large vertical variation. Phases: moves across the scene in a high region; moves across the scene in a mid-height region; moves across the scene in a high region.
fruitPogo(Clone),PhysicsBody,4,8,"[71.791,14.95,-166.385]","[71.907,14.95,-165.523]",188.23393110447896,0.8697700845625761,47.05848277611974,1.0,stable,tiny,HORIZ_HIGH;HORIZ_MID;HORIZ_HIGH,long,fast,large,Overall: moves quickly over a long distance with large vertical variation. Phases: moves across the scene in a high region; moves across the scene in a mid-height region; moves across the scene in a high region.
zoneREEF/cellReef_Intro/Sector/Grass/grassThinSprig02 (1),Mesh,4,8,"[-1.49,4.45,-4.78]","[42.25,7.341,-5.85]",175.39397394437472,43.84849348609368,43.84849348609368,1.0,stable,tiny,HORIZ_LOW,long,fast,moderate,Overall: moves quickly over a long distance with moderate vertical variation. Phases: moves across the scene in a low region.
zoneRANCH/cellRanch_Home/Sector/Ranch Features/landPlot/patchEmpty(Clone)/Frame/Post 2/corralBase,Mesh,4,8,"[109.05,12.257,-103.75]","[109.05,14.22,-147.25]",174.1770762873232,43.5442690718308,43.5442690718308,1.0,stable,tiny,HORIZ_MID,long,fast,moderate,Overall: moves quickly over a long distance with moderate vertical variation. Phases: moves across the scene in a mid-height region.
zoneRANCH/cellRanch_Home/Sector/Ranch Features/landPlot/patchEmpty(Clone)/Frame/Post 2/corralPost,Mesh,4,8,"[109.05,8.507,-103.75]","[109.05,10.47,-147.25]",174.1770762873232,43.5442690718308,43.5442690718308,1.0,stable,tiny,HORIZ_LOW,long,fast,moderate,Overall: moves quickly over a long distance with moderate vertical variation. Phases: moves across the scene in a low region.
zoneREEF/cellReef_FeralSink/Sector/Solid Filler/moundSand01,Mesh,6,7,"[212.53,4.09,47.27]","[248.709,0.136,64.479]",40.25796614336099,40.25796614336099,40.25796614336099,1.0,shrink,huge,HORIZ_LOW,medium,fast,large,Overall: moves quickly over a medium distance with large vertical variation. Phases: moves across the scene in a low region.
zoneRANCH/cellRanch_Home/Sector/Solid FIller/moundSand04,Mesh,4,8,"[148.1,12.24,-123.61]","[151.95,12.221,-138.3]",60.74457486887207,15.186143717218018,15.186143717218018,1.0,stable,large,HORIZ_MID,medium,slow,flat,Overall: moves slowly over a medium distance with almost no vertical change. Phases: moves across the scene in a mid-height region.
zoneREEF/cellReef_CliffCaves/Sector/Deco/decoRock03 (1),Mesh,6,8,"[98.884,-3.742,28.623]","[178.293,-2.957,19.809]",159.80102755614558,79.90051377807279,79.90051377807279,1.0,stable,tiny,HORIZ_LOW,long,fast,large,Overall: moves quickly over a long distance with large vertical variation. Phases: moves across the scene in a low region.
zoneRANCH/cellRanch_Home/Sector/Ranch Features/landPlot/patchEmpty(Clone)/techActivator/triggerActivate,Empty,4,8,"[108.262,13.624,-104.537]","[108.263,15.587,-146.462]",167.88372142646818,41.970930356617046,41.970930356617046,1.0,stable,tiny,HORIZ_MID,long,fast,moderate,Overall: moves quickly over a long distance with moderate vertical variation. Phases: moves across the scene in a mid-height region.
zoneRANCH/cellRanch_Home/Sector/Ranch Features/landPlot/patchEmpty(Clone)/techActivator/techActivator,Mesh,4,8,"[108.262,12.201,-104.537]","[108.263,14.164,-146.462]",167.88372142646818,41.970930356617046,41.970930356617046,1.0,stable,tiny,HORIZ_MID,long,fast,moderate,Overall: moves quickly over a long distance with moderate vertical variation. Phases: moves across the scene in a mid-height region.
zoneRANCH/cellRanch_Lab/Sector/Grass/grassThinColony01 (2),Mesh,4,5,"[226.49,14.767,-327.64]","[171.25,14.75,-258.35]",88.61468269423526,88.61468269423526,88.61468269423526,1.0,grow,small,HORIZ_HIGH,medium,fast,flat,Overall: moves quickly over a medium distance with almost no vertical change. Phases: moves across the scene in a high region.
zoneRANCH/cellRanch_Overgrowth/Sector/Ranch Features/landPlot/patchEmpty(Clone)/Dirt,Mesh,4,8,"[-23.829,12.25,-127.51]","[-50.689,12.25,-126.19]",80.6772458627586,26.8924152875862,22.4103460729885,1.0,stable,medium,HORIZ_MID,medium,medium,moderate,Overall: moves at a moderate speed over a medium distance with moderate vertical variation. Phases: moves across the scene in a mid-height region.
zoneRANCH/cellRanch_Overgrowth/Sector/Ranch Features/landPlot/patchEmpty(Clone)/Dirt/rocks,Mesh,4,8,"[-23.829,12.25,-127.51]","[-50.689,12.25,-126.19]",80.6772458627586,26.8924152875862,22.4103460729885,1.0,stable,medium,HORIZ_MID,medium,medium,moderate,Overall: moves at a moderate speed over a medium distance with moderate vertical variation. Phases: moves across the scene in a mid-height region.
zoneREEF/cellReef_Intro/Sector/Deco/decoRock11,Mesh,4,8,"[31.996,7.32,5.401]","[2.815,-4.24,-21.153]",164.45202471237621,41.113006178094054,41.113006178094054,1.0,stable,tiny,HORIZ_LOW,long,fast,large,Overall: moves quickly over a long distance with large vertical variation. Phases: moves across the scene in a low region.
zoneREEF/cellReef_FeralSink/Sector/Cliffs/cliffBase01 (1),Mesh,6,7,"[218.23,25.93,63.49]","[251.37,5.99,66.77]",38.81522381746627,38.81522381746627,38.81522381746627,1.0,shrink,huge,HORIZ_HIGH,medium,fast,large,Overall: moves quickly over a medium distance with large vertical variation. Phases: moves across the scene in a high region.
zoneREEF/cellReef_FeralSink/Sector/Rocks/rockReefTall01 (1),Mesh,6,7,"[231.11,11.04,61.58]","[298.89,6.662,74.572]",69.15263804078624,69.15263804078624,69.15263804078624,1.0,stable,medium,HORIZ_LOW,medium,fast,large,Overall: moves quickly over a medium distance with large vertical variation. Phases: moves across the scene in a low region.
zoneRANCH/cellRanch_PassageLab/Sector/Mountains/mtnBluffReef01 (1),Empty,4,8,"[107.42,24.879,-196.76]","[191.921,41.42,-187.768]",346.2918941240178,86.57297353100445,86.57297353100445,0.0,unknown,unknown,HORIZ_HIGH,long,fast,large,Overall: moves quickly over a long distance with large vertical variation. Phases: moves across the scene in a high region.
zoneREEF/cellReef_Intro/Sector/Grass/grassThinSprig02,Mesh,4,8,"[-2.43,4.45,-2.99]","[37.745,7.341,-5.389]",161.40105114899345,40.35026278724836,40.35026278724836,1.0,stable,tiny,HORIZ_LOW,long,fast,moderate,Overall: moves quickly over a long distance with moderate vertical variation. Phases: moves across the scene in a low region.
zoneREEF/cellReef_Intro/Sector/Deco/decoRock16,Mesh,4,8,"[31.19,7.341,0.91]","[-6.488,4.45,-12.765]",160.74801099858126,40.187002749645316,40.187002749645316,1.0,stable,tiny,HORIZ_LOW,long,fast,moderate,Overall: moves quickly over a long distance with moderate vertical variation. Phases: moves across the scene in a low region.
zoneREEF/cellReef_FeralSink/Sector/Rocks/rockMoba13,Mesh,6,7,"[220.71,7.62,62.67]","[266.44,-1.16,49.0]",48.530301874189895,48.530301874189895,48.530301874189895,1.0,grow,large,HORIZ_LOW,medium,fast,large,Overall: moves quickly over a medium distance with large vertical variation. Phases: moves across the scene in a low region.
zoneRANCH/cellRanch_Grotto/Sector/Ranch Features/landPlot/patchEmpty(Clone)/Frame/Post 4/corralPost,Mesh,4,8,"[225.9,8.32,-110.42]","[232.29,8.41,-149.45]",158.1989178218359,39.54972945545897,39.54972945545897,1.0,stable,tiny,HORIZ_LOW,long,fast,moderate,Overall: moves quickly over a long distance with moderate vertical variation. Phases: moves across the scene in a low region.
zoneRANCH/cellRanch_Grotto/Sector/Ranch Features/landPlot/patchEmpty(Clone)/Frame/Post 4/corralBase,Mesh,4,8,"[225.9,12.07,-110.42]","[232.29,12.16,-149.45]",158.1989178218359,39.54972945545897,39.54972945545897,1.0,stable,tiny,HORIZ_MID,long,fast,moderate,Overall: moves quickly over a long distance with moderate vertical variation. Phases: moves across the scene in a mid-height region.
zoneREEF/cellReef_FeralSink/Sector/Constructs/woodPlat02,Mesh,6,7,"[265.71,14.7,54.25]","[299.29,8.11,67.62]",36.73964343866177,36.73964343866177,36.73964343866177,1.0,shrink,huge,HORIZ_LOW,medium,fast,large,Overall: moves quickly over a medium distance with large vertical variation. Phases: moves across the scene in a low region.
zoneRANCH/cellRanch_Home/Sector/Build Sites/siteGadget (4),Empty,4,8,"[144.21,12.25,-110.08]","[65.66,14.75,-134.04]",328.6441017270811,82.16102543177027,82.16102543177027,0.0,unknown,unknown,HORIZ_MID,long,fast,moderate,Overall: moves quickly over a long distance with moderate vertical variation. Phases: moves across the scene in a mid-height region.
zoneRANCH/cellRanch_Home/Sector/Trees/treeReef02,Empty,4,8,"[71.07,14.61,-171.52]","[51.03,11.62,-91.91]",328.59199746798464,82.14799936699616,82.14799936699616,0.0,unknown,unknown,HORIZ_MID,long,fast,moderate,Overall: moves quickly over a long distance with moderate vertical variation. Phases: moves across the scene in a mid-height region.
zoneREEF/cellReef_Intro/Sector/Deco/decoRock15,Mesh,4,8,"[33.078,7.341,-25.484]","[0.043,4.45,-6.425]",152.9922657914445,38.24806644786113,38.24806644786113,1.0,stable,tiny,HORIZ_LOW,long,fast,moderate,Overall: moves quickly over a long distance with moderate vertical variation. Phases: moves across the scene in a low region.
zoneREEF/cellReef_CliffCaves/Sector/Solid Filler/areaCrag01/areaCragChunk01,Mesh,6,8,"[102.181,13.502,33.521]","[88.115,-0.394,36.327]",39.94119717785134,19.97059858892567,19.97059858892567,1.0,stable,huge,HORIZ_LOW,medium,slow,large,Overall: moves slowly over a medium distance with large vertical variation. Phases: moves across the scene in a low region.
zoneREEF/cellReef_CliffCaves/Sector/Solid Filler/moundSand04/Rocks,Mesh,6,8,"[142.43,17.22,41.73]","[178.54,-2.7,25.48]",88.6521516941354,44.3260758470677,44.3260758470677,1.0,shrink,small,HORIZ_LOW,medium,fast,large,Overall: moves quickly over a medium distance with large vertical variation. Phases: moves across the scene in a low region.
zoneRANCH/cellRanch_Home/Sector/Build Sites/siteGadget (3),Empty,4,8,"[142.07,12.25,-121.95]","[68.49,14.75,-153.38]",320.20271828952355,80.05067957238089,80.05067957238089,0.0,unknown,unknown,HORIZ_MID,long,fast,moderate,Overall: moves quickly over a long distance with moderate vertical variation. Phases: moves across the scene in a mid-height region.
zoneREEF/cellReef_CliffCaves/Sector/Solid Filler/areaCrag01/areaCragChunk03,Mesh,6,8,"[101.029,12.467,34.035]","[87.059,-0.944,35.635]",38.86262065275578,19.43131032637789,19.43131032637789,1.0,stable,huge,HORIZ_LOW,medium,slow,large,Overall: moves slowly over a medium distance with large vertical variation. Phases: moves across the scene in a low region.
zoneRANCH/cellRanch_Lab/Sector/Solid Filler/moundSand02/Rocks,Mesh,4,5,"[226.68,14.75,-264.45]","[165.445,14.74,-313.792]",78.6406910511346,78.6406910511346,78.6406910511346,1.0,shrink,small,HORIZ_HIGH,medium,fast,flat,Overall: moves quickly over a medium distance with almost no vertical change. Phases: moves across the scene in a high region.
zoneRANCH/cellRanch_Lab/Sector/Ranch Features/landPlot/patchEmpty(Clone)/Dirt/rocks,Mesh,4,5,"[181.39,14.76,-268.72]","[216.23,14.76,-319.68]",61.73124978485368,61.73124978485368,61.73124978485368,1.0,stable,medium,HORIZ_HIGH,medium,fast,none,Overall: moves quickly over a medium distance. Phases: moves across the scene in a high region.
zoneRANCH/cellRanch_Lab/Sector/Ranch Features/landPlot/patchEmpty(Clone)/Dirt,Mesh,4,5,"[181.39,14.76,-268.72]","[216.23,14.76,-319.68]",61.73124978485368,61.73124978485368,61.73124978485368,1.0,stable,medium,HORIZ_HIGH,medium,fast,none,Overall: moves quickly over a medium distance. Phases: moves across the scene in a high region.
zoneREEF/cellReef_Intro/Sector/Rocks/rockReefBoxy01 (1),Mesh,4,8,"[40.272,7.341,-25.196]","[6.064,-4.24,-22.591]",144.83606456956775,36.20901614239194,36.20901614239194,1.0,stable,tiny,HORIZ_LOW,long,fast,large,Overall: moves quickly over a long distance with large vertical variation. Phases: moves across the scene in a low region.
zoneREEF/cellReef_CliffCaves/Sector/Flora/treeReef02/treeTrunk01,Mesh,6,8,"[120.746,9.109,55.671]","[149.98,17.368,40.721]",67.71529626310438,33.85764813155219,33.85764813155219,1.0,stable,medium,HORIZ_MID,medium,medium,large,Overall: moves at a moderate speed over a medium distance with large vertical variation. Phases: moves across the scene in a mid-height region.
zoneREEF/cellReef_CliffCaves/Sector/Rocks/rockReefTall01,Mesh,6,8,"[108.55,9.446,47.8]","[148.123,2.464,60.407]",84.23080438889325,42.115402194446624,42.115402194446624,1.0,shrink,small,HORIZ_LOW,medium,fast,large,Overall: moves quickly over a medium distance with large vertical variation. Phases: moves across the scene in a low region.
zoneREEF/cellReef_Intro/Sector/Resources/patchBeet03/Bed/Dirt/rocks_long,Mesh,4,8,"[-15.009,10.523,7.303]","[-4.75,-4.217,-22.76]",140.07418891430356,35.01854722857589,35.01854722857589,1.0,stable,tiny,HORIZ_LOW,long,medium,large,Overall: moves at a moderate speed over a long distance with large vertical variation. Phases: moves across the scene in a low region.
zoneREEF/cellReef_Intro/Sector/Resources/patchBeet03/Bed/Dirt,Mesh,4,8,"[-15.009,10.523,7.303]","[-4.75,-4.217,-22.76]",140.07418891430356,35.01854722857589,35.01854722857589,1.0,stable,tiny,HORIZ_LOW,long,medium,large,Overall: moves at a moderate speed over a long distance with large vertical variation. Phases: moves across the scene in a low region.
zoneREEF/cellReef_Intro/Sector/Resources/patchBeet03,Empty,4,8,"[-15.009,10.5,7.303]","[-4.75,-4.24,-22.76]",140.07418891430356,35.01854722857589,35.01854722857589,1.0,stable,tiny,HORIZ_LOW,long,medium,large,Overall: moves at a moderate speed over a long distance with large vertical variation. Phases: moves across the scene in a low region.
zoneRANCH/cellRanch_Home/Sector/Grass/grassThinColony01 (2),Mesh,4,8,"[99.556,12.153,-137.92]","[77.66,12.25,-110.6]",140.04722774835636,35.01180693708909,35.01180693708909,1.0,stable,tiny,HORIZ_MID,long,medium,flat,Overall: moves at a moderate speed over a long distance with almost no vertical change. Phases: moves across the scene in a mid-height region.
zoneREEF/cellReef_Intro/Sector/Resources/patchBeet03/Bed/Sprout,Mesh,4,8,"[-15.221,10.524,6.526]","[-4.047,-4.207,-23.058]",139.54633312273023,34.88658328068256,34.88658328068256,1.0,stable,tiny,HORIZ_LOW,long,medium,large,Overall: moves at a moderate speed over a long distance with large vertical variation. Phases: moves across the scene in a low region.
zoneREEF/cellReef_CliffCaves/Sector/Solid Filler/areaCrag01/areaCragChunk02,Mesh,6,8,"[101.517,11.086,32.173]","[88.89,-1.677,35.04]",36.36234244379753,18.181171221898765,18.181171221898765,1.0,stable,huge,HORIZ_LOW,medium,slow,large,Overall: moves slowly over a medium distance with large vertical variation. Phases: moves across the scene in a low region.
zoneRANCH/cellRanch_Grotto/Sector/Mountains/mtnBluffQuar02,Empty,4,8,"[316.11,34.07,-122.59]","[285.3,1.343,-63.8]",296.01558685988147,74.00389671497037,74.00389671497037,0.0,unknown,unknown,HORIZ_HIGH,long,fast,large,Overall: moves quickly over a long distance with large vertical variation. Phases: moves across the scene in a high region.
zoneREEF/cellReef_CliffCaves/Sector/Flora/treeReef03/treeTrunk01,Mesh,6,8,"[107.537,8.478,31.566]","[103.424,26.108,30.858]",36.23451023540956,18.11725511770478,18.11725511770478,1.0,stable,huge,DESCEND_HIGH,medium,slow,large,Overall: moves slowly over a medium distance with large vertical variation. Phases: moves downward in a high region.
zoneREEF/cellReef_CliffCaves/Sector/Rocks/rockReefFlat01,Mesh,6,8,"[107.61,9.51,50.38]","[146.162,2.056,60.137]",80.92015494300541,40.46007747150271,40.46007747150271,1.0,grow,small,HORIZ_LOW,medium,fast,large,Overall: moves quickly over a medium distance with large vertical variation. Phases: moves across the scene in a low region.
zoneRANCH/cellRanch_PassageGrotto/Sector/Cliffs/mtnColumn03/areaCragChunk01,Mesh,4,8,"[177.737,35.625,-116.377]","[183.646,28.352,-114.96]",37.90951310687066,9.477378276717666,9.477378276717666,1.0,grow,huge,ASCEND_HIGH,medium,slow,large,Overall: moves slowly over a medium distance with large vertical variation. Phases: moves upward in a high region.
zoneREEF/cellReef_CliffCaves/Sector/Deco/decoRock03,Mesh,6,8,"[98.791,-3.772,31.049]","[161.157,-4.557,14.925]",128.84281209287542,64.42140604643771,64.42140604643771,1.0,stable,tiny,HORIZ_LOW,long,fast,large,Overall: moves quickly over a long distance with large vertical variation. Phases: moves across the scene in a low region.
zoneREEF/cellReef_Intro/Sector/Deco/decoShroom03 (1),Mesh,4,8,"[-2.58,4.45,14.28]","[2.077,-4.203,-18.268]",135.99613888636694,33.999034721591734,33.999034721591734,1.0,stable,tiny,HORIZ_LOW,long,medium,large,Overall: moves at a moderate speed over a long distance with large vertical variation. Phases: moves across the scene in a low region.
zoneRANCH/cellRanch_Grotto/Sector/Ranch Features/landPlot/patchEmpty(Clone)/Frame/Post 3/corralPost,Mesh,4,8,"[216.4,8.32,-110.42]","[232.29,8.41,-139.95]",134.13551953155428,33.53387988288857,33.53387988288857,1.0,stable,tiny,HORIZ_LOW,long,medium,moderate,Overall: moves at a moderate speed over a long distance with moderate vertical variation. Phases: moves across the scene in a low region.
zoneRANCH/cellRanch_Grotto/Sector/Ranch Features/landPlot/patchEmpty(Clone)/Frame/Post 3/corralBase,Mesh,4,8,"[216.4,12.07,-110.42]","[232.29,12.16,-139.95]",134.13551953155428,33.53387988288857,33.53387988288857,1.0,stable,tiny,HORIZ_MID,long,medium,moderate,Overall: moves at a moderate speed over a long distance with moderate vertical variation. Phases: moves across the scene in a mid-height region.
zoneREEF/cellReef_FeralSink/Sector/Solid Filler/moundSand01/Rocks,Mesh,6,7,"[212.53,4.09,47.27]","[248.709,0.136,64.479]",40.25796614336099,40.25796614336099,40.25796614336099,1.0,shrink,large,HORIZ_LOW,medium,fast,large,Overall: moves quickly over a medium distance with large vertical variation. Phases: moves across the scene in a low region.
zoneREEF/cellReef_Intro/Sector/Deco/decoRock07,Mesh,4,8,"[-18.993,4.45,3.109]","[0.595,-4.24,-21.533]",130.62520479601173,32.65630119900293,32.65630119900293,1.0,stable,tiny,HORIZ_LOW,long,medium,large,Overall: moves at a moderate speed over a long distance with large vertical variation. Phases: moves across the scene in a low region.
